Workbook

Sheet 차량 DB
A1: 순번 | B1: 차량 번호 | C1: 시작일 | D1: 종료일 | E1: 그룹코드 | F1: 그룹명 | G1: 소유주 | H1: 연락처 | I1: 차종 | J1: 색상 | K1: 업체 | L1: 입차 홈넷 | M1: 출차 홈넷 | N1: 선택 요일제 | O1: 생산 공정 | P1: 생산 제품 1 | Q1: 생산 제품 2 | R1: 생산 제품 3 | S1: 부서 | T1: Scope | U1: 운행 목적 | V1: 주소 | W1: 주소(생략) | X1: 편도거리 (km) | Y1: 왕복거리 (km) | Z1: 운행 구분 | AA1: 차종 | AB1: 차종구분 (대분류) | AC1: 차종구분 (소분류) | AD1: 연료 종류 | AE1: 연비 (ℓ/km) | AF1: 탄소 배출 계수 | AG1: Co2 배출량 (kg)
A2: 1 | B2: 89주5842 | C2: 20240701 | D2: 20991231 | E2: 0001 | F2: 내부무료 | G2: 법인메가트럭(5T) | K2: 현대정밀 | L2: FALSE | M2: FALSE | N2: 없음 | S2: 납품 | T2: 1 | U2: 납품 | V2: 경남 창원시 성산구 귀현동 1번지 | X2: 13 | Y2: =X2*2 -> 26 | Z2: 13 | AA2: 메가트럭 | AB2: 상용 트럭 | AC2: 5t 급 | AD2: 디젤 | AE2: =IF(AB2="승용차", INDEX('연료 자료'!$C$6:$F$11, MATCH(AD2,'연료 자료'!$B$6:$B$11, 0), MATCH(AC2,'연료 자료'!$C$5:$F$5, 0)), INDEX('연료 자료'!$G$6:$I$11, MATCH(AD2,'연료 자료'!$B$6:$B$11, 0), MATCH(AC2,'연료 자료'!$G$5:$I$5, 0))) -> 5 | AF2: =VLOOKUP(AD2, 메모!$J$10:$L$19, 3, FALSE) -> 2.614 | AG2: =IF(Z2="왕복", Y2/AE2*AF2, X2/AE2*AF2) -> 6.7964
A3: 2 | B3: 86가3919 | C3: 20240701 | D3: 20991231 | E3: 0001 | F3: 내부무료 | G3: 법인 포터 | K3: 현대정밀 | L3: FALSE | M3: FALSE | N3: 없음 | S3: 납품 | T3: 1 | U3: 납품 | V3: 경남 창원시 성산구 귀현동 1번지 | X3: 13 | Y3: =X3*2 -> 26 | Z3: 13 | AA3: 포터2 | AB3: 상용 트럭 | AC3: 1t 급 | AD3: 디젤 | AE3: =IF(AB3="승용차", INDEX('연료 자료'!$C$6:$F$11, MATCH(AD3,'연료 자료'!$B$6:$B$11, 0), MATCH(AC3,'연료 자료'!$C$5:$F$5, 0)), INDEX('연료 자료'!$G$6:$I$11, MATCH(AD3,'연료 자료'!$B$6:$B$11, 0), MATCH(AC3,'연료 자료'!$G$5:$I$5, 0))) -> 9 | AF3: =VLOOKUP(AD3, 메모!$J$10:$L$19, 3, FALSE) -> 2.614 | AG3: =IF(Z3="왕복", Y3/AE3*AF3, X3/AE3*AF3) -> 3.7757778
A4: 3 | B4: 97가9808 | C4: 20240701 | D4: 20991231 | E4: 0001 | F4: 내부무료 | G4: 법인 메가트럭(5T) | K4: 현대정밀 | L4: FALSE | M4: FALSE | N4: 없음 | S4: 납품 | T4: 1 | U4: 납품 | V4: 경남 창원시 성산구 귀현동 1번지 | X4: 13 | Y4: =X4*2 -> 26 | Z4: 13 | AA4: 메가트럭 | AB4: 상용 트럭 | AC4: 5t 급 | AD4: 디젤 | AE4: =IF(AB4="승용차", INDEX('연료 자료'!$C$6:$F$11, MATCH(AD4,'연료 자료'!$B$6:$B$11, 0), MATCH(AC4,'연료 자료'!$C$5:$F$5, 0)), INDEX('연료 자료'!$G$6:$I$11, MATCH(AD4,'연료 자료'!$B$6:$B$11, 0), MATCH(AC4,'연료 자료'!$G$5:$I$5, 0))) -> 5 | AF4: =VLOOKUP(AD4, 메모!$J$10:$L$19, 3, FALSE) -> 2.614 | AG4: =IF(Z4="왕복", Y4/AE4*AF4, X4/AE4*AF4) -> 6.7964
A5: 4 | B5: 825너3484 | C5: 20240701 | D5: 20991231 | E5: 0001 | F5: 내부무료 | G5: 법인 봉고1T | K5: 현대정밀 | L5: FALSE | M5: FALSE | N5: 없음 | S5: 납품 | T5: 1 | U5: 납품 | V5: 경남 창원시 성산구 귀현동 1번지 | X5: 13 | Y5: =X5*2 -> 26 | Z5: 13 | AA5: 봉고3 | AB5: 상용 트럭 | AC5: 1t 급 | AD5: LPG | AE5: =IF(AB5="승용차", INDEX('연료 자료'!$C$6:$F$11, MATCH(AD5,'연료 자료'!$B$6:$B$11, 0), MATCH(AC5,'연료 자료'!$C$5:$F$5, 0)), INDEX('연료 자료'!$G$6:$I$11, MATCH(AD5,'연료 자료'!$B$6:$B$11, 0), MATCH(AC5,'연료 자료'!$G$5:$I$5, 0))) -> 5 | AF5: =VLOOKUP(AD5, 메모!$J$10:$L$19, 3, FALSE) -> 1.6 | AG5: =IF(Z5="왕복", Y5/AE5*AF5, X5/AE5*AF5) -> 4.16
A6: 8 | B6: 164구9626 | C6: 20240701 | D6: 20991231 | E6: 0001 | F6: 내부무료 | G6: 박종영 (법인) | K6: 현대정밀 | L6: FALSE | M6: FALSE | N6: 없음 | S6: 직원 | T6: 1 | U6: 출퇴근 | X6: 8 | Y6: =X6*2 -> 16 | Z6: 왕복 | AA6: 그렌져 | AB6: 승용차 | AC6: 대형 | AD6: 가솔린 | AE6: =IF(AB6="승용차", INDEX('연료 자료'!$C$6:$F$11, MATCH(AD6,'연료 자료'!$B$6:$B$11, 0), MATCH(AC6,'연료 자료'!$C$5:$F$5, 0)), INDEX('연료 자료'!$G$6:$I$11, MATCH(AD6,'연료 자료'!$B$6:$B$11, 0), MATCH(AC6,'연료 자료'!$G$5:$I$5, 0))) -> 7 | AF6: =VLOOKUP(AD6, 메모!$J$10:$L$19, 3, FALSE) -> 2.271 | AG6: =IF(Z6="왕복", Y6/AE6*AF6, X6/AE6*AF6) -> 5.1908571
A7: 9 | B7: 53머4356 | C7: 20240701 | D7: 20991231 | E7: 0001 | F7: 내부무료 | G7: 서경동 | K7: 현대정밀 | L7: FALSE | M7: FALSE | N7: 없음 | S7: 직원 | T7: 3 | U7: 출퇴근 | X7: 4.8 | Y7: =X7*2 -> 9.6 | Z7: 편도 | AA7: 스포티지 | AB7: 승용차 | AC7: 중형 | AD7: 디젤 | AE7: =IF(AB7="승용차", INDEX('연료 자료'!$C$6:$F$11, MATCH(AD7,'연료 자료'!$B$6:$B$11, 0), MATCH(AC7,'연료 자료'!$C$5:$F$5, 0)), INDEX('연료 자료'!$G$6:$I$11, MATCH(AD7,'연료 자료'!$B$6:$B$11, 0), MATCH(AC7,'연료 자료'!$G$5:$I$5, 0))) -> 13 | AF7: =VLOOKUP(AD7, 메모!$J$10:$L$19, 3, FALSE) -> 2.614 | AG7: =IF(Z7="왕복", Y7/AE7*AF7, X7/AE7*AF7) -> 0.96516923
A8: 10 | B8: 236가8159 | C8: 20240701 | D8: 20991231 | E8: 0001 | F8: 내부무료 | G8: 오은영 | K8: 현대정밀 | L8: FALSE | M8: FALSE | N8: 없음 | S8: 직원 | T8: 3 | U8: 출퇴근 | X8: 9.6 | Y8: =X8*2 -> 19.2 | Z8: 왕복 | AA8: 소나타 | AB8: 승용차 | AC8: 중형 | AD8: 가솔린 | AE8: =IF(AB8="승용차", INDEX('연료 자료'!$C$6:$F$11, MATCH(AD8,'연료 자료'!$B$6:$B$11, 0), MATCH(AC8,'연료 자료'!$C$5:$F$5, 0)), INDEX('연료 자료'!$G$6:$I$11, MATCH(AD8,'연료 자료'!$B$6:$B$11, 0), MATCH(AC8,'연료 자료'!$G$5:$I$5, 0))) -> 10 | AF8: =VLOOKUP(AD8, 메모!$J$10:$L$19, 3, FALSE) -> 2.271 | AG8: =IF(Z8="왕복", Y8/AE8*AF8, X8/AE8*AF8) -> 4.36032
A9: 11 | B9: 47다4577 | C9: 20240701 | D9: 20991231 | E9: 0001 | F9: 내부무료 | G9: 강병재 | K9: 현대정밀 | L9: FALSE | M9: FALSE | N9: 없음 | S9: 직원 | T9: 3 | U9: 출퇴근 | X9: 4.7 | Y9: =X9*2 -> 9.4 | Z9: 왕복 | AA9: i 40 | AB9: 승용차 | AC9: 소형 | AD9: 디젤 | AE9: =IF(AB9="승용차", INDEX('연료 자료'!$C$6:$F$11, MATCH(AD9,'연료 자료'!$B$6:$B$11, 0), MATCH(AC9,'연료 자료'!$C$5:$F$5, 0)), INDEX('연료 자료'!$G$6:$I$11, MATCH(AD9,'연료 자료'!$B$6:$B$11, 0), MATCH(AC9,'연료 자료'!$G$5:$I$5, 0))) -> 13 | AF9: =VLOOKUP(AD9, 메모!$J$10:$L$19, 3, FALSE) -> 2.614 | AG9: =IF(Z9="왕복", Y9/AE9*AF9, X9/AE9*AF9) -> 1.8901231
A10: 12 | B10: 157보9343 | C10: 20240701 | D10: 20991231 | E10: 0001 | F10: 내부무료 | G10: 윤대혁 | K10: 현대정밀 | L10: FALSE | M10: FALSE | N10: 없음 | S10: 직원 | T10: 3 | U10: 출퇴근 | X10: 9.3 | Y10: =X10*2 -> 18.6 | Z10: 왕복 | AA10: K7 | AB10: 승용차 | AC10: 중형 | AD10: 가솔린 | AE10: =IF(AB10="승용차", INDEX('연료 자료'!$C$6:$F$11, MATCH(AD10,'연료 자료'!$B$6:$B$11, 0), MATCH(AC10,'연료 자료'!$C$5:$F$5, 0)), INDEX('연료 자료'!$G$6:$I$11, MATCH(AD10,'연료 자료'!$B$6:$B$11, 0), MATCH(AC10,'연료 자료'!$G$5:$I$5, 0))) -> 10 | AF10: =VLOOKUP(AD10, 메모!$J$10:$L$19, 3, FALSE) -> 2.271 | AG10: =IF(Z10="왕복", Y10/AE10*AF10, X10/AE10*AF10) -> 4.22406
A11: 13 | B11: 28로8675 | C11: 20240701 | D11: 20991231 | E11: 0001 | F11: 내부무료 | G11: 황종욱 | K11: 현대정밀 | L11: FALSE | M11: FALSE | N11: 없음 | S11: 직원 | T11: 3 | U11: 출퇴근 | X11: 12 | Y11: =X11*2 -> 24 | Z11: 왕복 | AA11: 소나타 | AB11: 승용차 | AC11: 중형 | AD11: 가솔린 | AE11: =IF(AB11="승용차", INDEX('연료 자료'!$C$6:$F$11, MATCH(AD11,'연료 자료'!$B$6:$B$11, 0), MATCH(AC11,'연료 자료'!$C$5:$F$5, 0)), INDEX('연료 자료'!$G$6:$I$11, MATCH(AD11,'연료 자료'!$B$6:$B$11, 0), MATCH(AC11,'연료 자료'!$G$5:$I$5, 0))) -> 10 | AF11: =VLOOKUP(AD11, 메모!$J$10:$L$19, 3, FALSE) -> 2.271 | AG11: =IF(Z11="왕복", Y11/AE11*AF11, X11/AE11*AF11) -> 5.4504
A12: 14 | B12: 140라2920 | C12: 20240701 | D12: 20991231 | E12: 0001 | F12: 내부무료 | G12: 박호근1 | K12: 현대정밀 | L12: FALSE | M12: FALSE | N12: 없음 | S12: 직원 | T12: 3 | U12: 출퇴근 | X12: 5 | Y12: =X12*2 -> 10 | Z12: 왕복 | AA12: 스포티지 하이브리드 | AB12: 승용차 | AC12: 중형 | AD12: 하이브리드 | AE12: =IF(AB12="승용차", INDEX('연료 자료'!$C$6:$F$11, MATCH(AD12,'연료 자료'!$B$6:$B$11, 0), MATCH(AC12,'연료 자료'!$C$5:$F$5, 0)), INDEX('연료 자료'!$G$6:$I$11, MATCH(AD12,'연료 자료'!$B$6:$B$11, 0), MATCH(AC12,'연료 자료'!$G$5:$I$5, 0))) -> 15 | AF12: =VLOOKUP(AD12, 메모!$J$10:$L$19, 3, FALSE) -> 2.271 | AG12: =IF(Z12="왕복", Y12/AE12*AF12, X12/AE12*AF12) -> 1.514
A13: 15 | B13: 51너7263 | C13: 20240701 | D13: 20991231 | E13: 0001 | F13: 내부무료 | G13: 박호근2 | K13: 현대정밀 | L13: FALSE | M13: FALSE | N13: 없음 | S13: 직원 | T13: 3 | U13: 출퇴근 | X13: 5 | Y13: =X13*2 -> 10 | Z13: 왕복 | AA13: 모닝 | AB13: 승용차 | AC13: 경차 | AD13: 가솔린 | AE13: =IF(AB13="승용차", INDEX('연료 자료'!$C$6:$F$11, MATCH(AD13,'연료 자료'!$B$6:$B$11, 0), MATCH(AC13,'연료 자료'!$C$5:$F$5, 0)), INDEX('연료 자료'!$G$6:$I$11, MATCH(AD13,'연료 자료'!$B$6:$B$11, 0), MATCH(AC13,'연료 자료'!$G$5:$I$5, 0))) -> 14 | AF13: =VLOOKUP(AD13, 메모!$J$10:$L$19, 3, FALSE) -> 2.271 | AG13: =IF(Z13="왕복", Y13/AE13*AF13, X13/AE13*AF13) -> 1.6221429
A14: 16 | B14: 178구5586 | C14: 20240701 | D14: 20991231 | E14: 0001 | F14: 내부무료 | G14: 최시애 | K14: 현대정밀 | L14: FALSE | M14: FALSE | N14: 없음 | S14: 직원 | T14: 3 | U14: 출퇴근 | X14: 9.3 | Y14: =X14*2 -> 18.6 | Z14: 왕복 | AA14: 아반떼 | AB14: 승용차 | AC14: 소형 | AD14: 가솔린 | AE14: =IF(AB14="승용차", INDEX('연료 자료'!$C$6:$F$11, MATCH(AD14,'연료 자료'!$B$6:$B$11, 0), MATCH(AC14,'연료 자료'!$C$5:$F$5, 0)), INDEX('연료 자료'!$G$6:$I$11, MATCH(AD14,'연료 자료'!$B$6:$B$11, 0), MATCH(AC14,'연료 자료'!$G$5:$I$5, 0))) -> 12 | AF14: =VLOOKUP(AD14, 메모!$J$10:$L$19, 3, FALSE) -> 2.271 | AG14: =IF(Z14="왕복", Y14/AE14*AF14, X14/AE14*AF14) -> 3.52005
A15: 17 | B15: 62모0303 | C15: 20240701 | D15: 20991231 | E15: 0001 | F15: 내부무료 | G15: 김혜연 | K15: 현대정밀 | L15: FALSE | M15: FALSE | N15: 없음 | S15: 직원 | T15: 3 | U15: 출퇴근 | X15: 31 | Y15: =X15*2 -> 62 | Z15: 왕복 | AA15: 스파크 1.0 | AB15: 승용차 | AC15: 경차 | AD15: 가솔린 | AE15: =IF(AB15="승용차", INDEX('연료 자료'!$C$6:$F$11, MATCH(AD15,'연료 자료'!$B$6:$B$11, 0), MATCH(AC15,'연료 자료'!$C$5:$F$5, 0)), INDEX('연료 자료'!$G$6:$I$11, MATCH(AD15,'연료 자료'!$B$6:$B$11, 0), MATCH(AC15,'연료 자료'!$G$5:$I$5, 0))) -> 14 | AF15: =VLOOKUP(AD15, 메모!$J$10:$L$19, 3, FALSE) -> 2.271 | AG15: =IF(Z15="왕복", Y15/AE15*AF15, X15/AE15*AF15) -> 10.057286
A16: 18 | B16: 176보6996 | C16: 20240701 | D16: 20991231 | E16: 0001 | F16: 내부무료 | G16: 오권석 | K16: 현대정밀 | L16: FALSE | M16: FALSE | N16: 없음 | S16: 직원 | T16: 3 | U16: 출퇴근 | X16: 1.1 | Y16: =X16*2 -> 2.2 | Z16: 왕복 | AA16: 그렌져 | AB16: 승용차 | AC16: 대형 | AD16: 가솔린 | AE16: =IF(AB16="승용차", INDEX('연료 자료'!$C$6:$F$11, MATCH(AD16,'연료 자료'!$B$6:$B$11, 0), MATCH(AC16,'연료 자료'!$C$5:$F$5, 0)), INDEX('연료 자료'!$G$6:$I$11, MATCH(AD16,'연료 자료'!$B$6:$B$11, 0), MATCH(AC16,'연료 자료'!$G$5:$I$5, 0))) -> 7 | AF16: =VLOOKUP(AD16, 메모!$J$10:$L$19, 3, FALSE) -> 2.271 | AG16: =IF(Z16="왕복", Y16/AE16*AF16, X16/AE16*AF16) -> 0.71374286
A17: 19 | B17: 55노4224 | C17: 20240701 | D17: 20991231 | E17: 0001 | F17: 내부무료 | G17: 오윤석1 | K17: 현대정밀 | L17: FALSE | M17: FALSE | N17: 없음 | S17: 직원 | T17: 3 | U17: 출퇴근 | X17: 11 | Y17: =X17*2 -> 22 | Z17: 왕복 | AA17: 그렌져 | AB17: 승용차 | AC17: 대형 | AD17: 가솔린 | AE17: =IF(AB17="승용차", INDEX('연료 자료'!$C$6:$F$11, MATCH(AD17,'연료 자료'!$B$6:$B$11, 0), MATCH(AC17,'연료 자료'!$C$5:$F$5, 0)), INDEX('연료 자료'!$G$6:$I$11, MATCH(AD17,'연료 자료'!$B$6:$B$11, 0), MATCH(AC17,'연료 자료'!$G$5:$I$5, 0))) -> 7 | AF17: =VLOOKUP(AD17, 메모!$J$10:$L$19, 3, FALSE) -> 2.271 | AG17: =IF(Z17="왕복", Y17/AE17*AF17, X17/AE17*AF17) -> 7.1374286
... A23: 25 | B23: 298수4840 | C23: 20240701 | D23: 20991231 | E23: 0001 | F23: 내부무료 | G23: 이용하 | K23: 현대정밀 | L23: FALSE | M23: FALSE | N23: 없음 | S23: 직원 | T23: 3 | U23: 출퇴근 | X23: 4.1 | Y23: =X23*2 -> 8.2 | Z23: 왕복 | AA23: 소나타 | AB23: 승용차 | AC23: 중형 | AD23: 가솔린 | AE23: =IF(AB23="승용차", INDEX('연료 자료'!$C$6:$F$11, MATCH(AD23,'연료 자료'!$B$6:$B$11, 0), MATCH(AC23,'연료 자료'!$C$5:$F$5, 0)), INDEX('연료 자료'!$G$6:$I$11, MATCH(AD23,'연료 자료'!$B$6:$B$11, 0), MATCH(AC23,'연료 자료'!$G$5:$I$5, 0))) -> 10 | AF23: =VLOOKUP(AD23, 메모!$J$10:$L$19, 3, FALSE) -> 2.271 | AG23: =IF(Z23="왕복", Y23/AE23*AF23, X23/AE23*AF23) -> 1.86222
A24: 26 | B24: 41서1458 | C24: 20240701 | D24: 20991231 | E24: 0001 | F24: 내부무료 | G24: 최성우 | I24: 승용 | K24: 현대정밀 | L24: FALSE | M24: FALSE | N24: 없음 | S24: 직원 | T24: 3 | U24: 출퇴근 | X24: 8.2 | Y24: =X24*2 -> 16.4 | Z24: 왕복 | AA24: SM5 | AB24: 승용차 | AC24: 중형 | AD24: 가솔린 | AE24: =IF(AB24="승용차", INDEX('연료 자료'!$C$6:$F$11, MATCH(AD24,'연료 자료'!$B$6:$B$11, 0), MATCH(AC24,'연료 자료'!$C$5:$F$5, 0)), INDEX('연료 자료'!$G$6:$I$11, MATCH(AD24,'연료 자료'!$B$6:$B$11, 0), MATCH(AC24,'연료 자료'!$G$5:$I$5, 0))) -> 10 | AF24: =VLOOKUP(AD24, 메모!$J$10:$L$19, 3, FALSE) -> 2.271 | AG24: =IF(Z24="왕복", Y24/AE24*AF24, X24/AE24*AF24) -> 3.72444
A25: 27 | B25: 139두1461 | C25: 20240701 | D25: 20991231 | E25: 0001 | F25: 내부무료 | G25: 박길석 | I25: 승용 | K25: 현대정밀 | L25: FALSE | M25: FALSE | N25: 없음 | S25: 직원 | T25: 3 | U25: 출퇴근 | X25: 16 | Y25: =X25*2 -> 32 | Z25: 왕복 | AA25: 아반떼 | AB25: 승용차 | AC25: 소형 | AD25: 가솔린 | AE25: =IF(AB25="승용차", INDEX('연료 자료'!$C$6:$F$11, MATCH(AD25,'연료 자료'!$B$6:$B$11, 0), MATCH(AC25,'연료 자료'!$C$5:$F$5, 0)), INDEX('연료 자료'!$G$6:$I$11, MATCH(AD25,'연료 자료'!$B$6:$B$11, 0), MATCH(AC25,'연료 자료'!$G$5:$I$5, 0))) -> 12 | AF25: =VLOOKUP(AD25, 메모!$J$10:$L$19, 3, FALSE) -> 2.271 | AG25: =IF(Z25="왕복", Y25/AE25*AF25, X25/AE25*AF25) -> 6.056
A26: 28 | B26: 52우2160 | C26: 20240701 | D26: 20991231 | E26: 0001 | F26: 내부무료 | G26: 김봉진 | K26: 현대정밀 | L26: FALSE | M26: FALSE | N26: 없음 | S26: 직원 | T26: 3 | U26: 출퇴근 | X26: 11 | Y26: =X26*2 -> 22 | Z26: 왕복 | AA26: K5 | AB26: 승용차 | AC26: 중형 | AD26: 가솔린 | AE26: =IF(AB26="승용차", INDEX('연료 자료'!$C$6:$F$11, MATCH(AD26,'연료 자료'!$B$6:$B$11, 0), MATCH(AC26,'연료 자료'!$C$5:$F$5, 0)), INDEX('연료 자료'!$G$6:$I$11, MATCH(AD26,'연료 자료'!$B$6:$B$11, 0), MATCH(AC26,'연료 자료'!$G$5:$I$5, 0))) -> 10 | AF26: =VLOOKUP(AD26, 메모!$J$10:$L$19, 3, FALSE) -> 2.271 | AG26: =IF(Z26="왕복", Y26/AE26*AF26, X26/AE26*AF26) -> 4.9962
A27: 29 | B27: 30러4803 | C27: 20240701 | D27: 20991231 | E27: 0001 | F27: 내부무료 | G27: 임헌규 | I27: SUV | K27: 현대정밀 | L27: FALSE | M27: FALSE | N27: 없음 | S27: 직원 | T27: 3 | U27: 출퇴근 | X27: 31 | Y27: =X27*2 -> 62 | Z27: 왕복 | AA27: 스포티지 | AB27: 승용차 | AC27: 중형 | AD27: 가솔린 | AE27: =IF(AB27="승용차", INDEX('연료 자료'!$C$6:$F$11, MATCH(AD27,'연료 자료'!$B$6:$B$11, 0), MATCH(AC27,'연료 자료'!$C$5:$F$5, 0)), INDEX('연료 자료'!$G$6:$I$11, MATCH(AD27,'연료 자료'!$B$6:$B$11, 0), MATCH(AC27,'연료 자료'!$G$5:$I$5, 0))) -> 10 | AF27: =VLOOKUP(AD27, 메모!$J$10:$L$19, 3, FALSE) -> 2.271 | AG27: =IF(Z27="왕복", Y27/AE27*AF27, X27/AE27*AF27) -> 14.0802
A28: 30 | B28: 03노3595 | C28: 20240701 | D28: 20991231 | E28: 0001 | F28: 내부무료 | G28: 김영수1 | I28: SUV | K28: 현대정밀 | L28: FALSE | M28: FALSE | N28: 없음 | S28: 직원 | T28: 3 | U28: 출퇴근 | X28: 6.9 | Y28: =X28*2 -> 13.8 | Z28: 왕복 | AA28: 쏘렌토 | AB28: 승용차 | AC28: 중형 | AD28: 디젤 | AE28: =IF(AB28="승용차", INDEX('연료 자료'!$C$6:$F$11, MATCH(AD28,'연료 자료'!$B$6:$B$11, 0), MATCH(AC28,'연료 자료'!$C$5:$F$5, 0)), INDEX('연료 자료'!$G$6:$I$11, MATCH(AD28,'연료 자료'!$B$6:$B$11, 0), MATCH(AC28,'연료 자료'!$G$5:$I$5, 0))) -> 13 | AF28: =VLOOKUP(AD28, 메모!$J$10:$L$19, 3, FALSE) -> 2.614 | AG28: =IF(Z28="왕복", Y28/AE28*AF28, X28/AE28*AF28) -> 2.7748615
A29: 31 | B29: 24노5922 | C29: 20240701 | D29: 20991231 | E29: 0001 | F29: 내부무료 | G29: 김영수2 | I29: SUV | K29: 현대정밀 | L29: FALSE | M29: FALSE | N29: 없음 | S29: 직원 | T29: 3 | U29: 출퇴근 | X29: 6.9 | Y29: =X29*2 -> 13.8 | Z29: 왕복 | AA29: 스파크 1.0 | AB29: 승용차 | AC29: 경차 | AD29: 가솔린 | AE29: =IF(AB29="승용차", INDEX('연료 자료'!$C$6:$F$11, MATCH(AD29,'연료 자료'!$B$6:$B$11, 0), MATCH(AC29,'연료 자료'!$C$5:$F$5, 0)), INDEX('연료 자료'!$G$6:$I$11, MATCH(AD29,'연료 자료'!$B$6:$B$11, 0), MATCH(AC29,'연료 자료'!$G$5:$I$5, 0))) -> 14 | AF29: =VLOOKUP(AD29, 메모!$J$10:$L$19, 3, FALSE) -> 2.271 | AG29: =IF(Z29="왕복", Y29/AE29*AF29, X29/AE29*AF29) -> 2.2385571
A30: 32 | B30: 97라0824 | C30: 20240701 | D30: 20991231 | E30: 0001 | F30: 내부무료 | G30: 김성태 | I30: 트럭 | K30: 현대정밀 | L30: FALSE | M30: FALSE | N30: 없음 | S30: 직원 | T30: 3 | U30: 출퇴근 | X30: 6.5 | Y30: =X30*2 -> 13 | Z30: 왕복 | AA30: 봉고3 1톤 | AB30: 상용 트럭 | AC30: 1t 급 | AD30: 디젤 | AE30: =IF(AB30="승용차", INDEX('연료 자료'!$C$6:$F$11, MATCH(AD30,'연료 자료'!$B$6:$B$11, 0), MATCH(AC30,'연료 자료'!$C$5:$F$5, 0)), INDEX('연료 자료'!$G$6:$I$11, MATCH(AD30,'연료 자료'!$B$6:$B$11, 0), MATCH(AC30,'연료 자료'!$G$5:$I$5, 0))) -> 9 | AF30: =VLOOKUP(AD30, 메모!$J$10:$L$19, 3, FALSE) -> 2.614 | AG30: =IF(Z30="왕복", Y30/AE30*AF30, X30/AE30*AF30) -> 3.7757778
A31: 33 | B31: 281다3241 | C31: 20240701 | D31: 20991231 | E31: 0001 | F31: 내부무료 | G31: 박상용1 | K31: 현대정밀 | L31: FALSE | M31: FALSE | N31: 없음 | S31: 직원 | T31: 3 | U31: 출퇴근 | X31: 22 | Y31: =X31*2 -> 44 | Z31: 왕복 | AA31: 베라크루즈 | AB31: 승용차 | AC31: 대형 | AD31: 디젤 | AE31: =IF(AB31="승용차", INDEX('연료 자료'!$C$6:$F$11, MATCH(AD31,'연료 자료'!$B$6:$B$11, 0), MATCH(AC31,'연료 자료'!$C$5:$F$5, 0)), INDEX('연료 자료'!$G$6:$I$11, MATCH(AD31,'연료 자료'!$B$6:$B$11, 0), MATCH(AC31,'연료 자료'!$G$5:$I$5, 0))) -> 10 | AF31: =VLOOKUP(AD31, 메모!$J$10:$L$19, 3, FALSE) -> 2.614 | AG31: =IF(Z31="왕복", Y31/AE31*AF31, X31/AE31*AF31) -> 11.5016
A32: 34 | B32: 17보5519 | C32: 20240701 | D32: 20991231 | E32: 0001 | F32: 내부무료 | G32: 박상용2 | K32: 현대정밀 | L32: FALSE | M32: FALSE | N32: 없음 | S32: 직원 | T32: 3 | U32: 출퇴근 | X32: 22 | Y32: =X32*2 -> 44 | Z32: 왕복 | AA32: SM5 LPG | AB32: 승용차 | AC32: 중형 | AD32: LPG | AE32: =IF(AB32="승용차", INDEX('연료 자료'!$C$6:$F$11, MATCH(AD32,'연료 자료'!$B$6:$B$11, 0), MATCH(AC32,'연료 자료'!$C$5:$F$5, 0)), INDEX('연료 자료'!$G$6:$I$11, MATCH(AD32,'연료 자료'!$B$6:$B$11, 0), MATCH(AC32,'연료 자료'!$G$5:$I$5, 0))) -> 7 | AF32: =VLOOKUP(AD32, 메모!$J$10:$L$19, 3, FALSE) -> 1.6 | AG32: =IF(Z32="왕복", Y32/AE32*AF32, X32/AE32*AF32) -> 10.057143
A33: 35 | B33: 42더5799 | C33: 20240701 | D33: 20991231 | E33: 0001 | F33: 내부무료 | G33: 손정익 | I33: SUV | K33: 현대정밀 | L33: FALSE | M33: FALSE | N33: 없음 | S33: 직원 | T33: 3 | U33: 출퇴근 | X33: 0.9 | Y33: =X33*2 -> 1.8 | Z33: 왕복 | AA33: 스포티지 | AB33: 승용차 | AC33: 중형 | AD33: 가솔린 | AE33: =IF(AB33="승용차", INDEX('연료 자료'!$C$6:$F$11, MATCH(AD33,'연료 자료'!$B$6:$B$11, 0), MATCH(AC33,'연료 자료'!$C$5:$F$5, 0)), INDEX('연료 자료'!$G$6:$I$11, MATCH(AD33,'연료 자료'!$B$6:$B$11, 0), MATCH(AC33,'연료 자료'!$G$5:$I$5, 0))) -> 10 | AF33: =VLOOKUP(AD33, 메모!$J$10:$L$19, 3, FALSE) -> 2.271 | AG33: =IF(Z33="왕복", Y33/AE33*AF33, X33/AE33*AF33) -> 0.40878
A34: 36 | B34: 55더9687 | C34: 20240701 | D34: 20991231 | E34: 0001 | F34: 내부무료 | G34: 이도경 | K34: 현대정밀 | L34: FALSE | M34: FALSE | N34: 없음 | S34: 직원 | T34: 3 | U34: 출퇴근 | X34: 9.9 | Y34: =X34*2 -> 19.8 | Z34: 왕복 | AA34: 카니발 리무진 | AB34: 승용차 | AC34: 대형 | AD34: 가솔린 | AE34: =IF(AB34="승용차", INDEX('연료 자료'!$C$6:$F$11, MATCH(AD34,'연료 자료'!$B$6:$B$11, 0), MATCH(AC34,'연료 자료'!$C$5:$F$5, 0)), INDEX('연료 자료'!$G$6:$I$11, MATCH(AD34,'연료 자료'!$B$6:$B$11, 0), MATCH(AC34,'연료 자료'!$G$5:$I$5, 0))) -> 7 | AF34: =VLOOKUP(AD34, 메모!$J$10:$L$19, 3, FALSE) -> 2.271 | AG34: =IF(Z34="왕복", Y34/AE34*AF34, X34/AE34*AF34) -> 6.4236857
A35: 37 | B35: 18누5875 | C35: 20240701 | D35: 20991231 | E35: 0001 | F35: 내부무료 | G35: 박성환 | K35: 현대정밀 | L35: FALSE | M35: FALSE | N35: 없음 | S35: 직원 | T35: 3 | U35: 출퇴근 | X35: 11 | Y35: =X35*2 -> 22 | Z35: 왕복 | AA35: SM7 | AB35: 승용차 | AC35: 중형 | AD35: 가솔린 | AE35: =IF(AB35="승용차", INDEX('연료 자료'!$C$6:$F$11, MATCH(AD35,'연료 자료'!$B$6:$B$11, 0), MATCH(AC35,'연료 자료'!$C$5:$F$5, 0)), INDEX('연료 자료'!$G$6:$I$11, MATCH(AD35,'연료 자료'!$B$6:$B$11, 0), MATCH(AC35,'연료 자료'!$G$5:$I$5, 0))) -> 10 | AF35: =VLOOKUP(AD35, 메모!$J$10:$L$19, 3, FALSE) -> 2.271 | AG35: =IF(Z35="왕복", Y35/AE35*AF35, X35/AE35*AF35) -> 4.9962
A36: 38 | B36: 32루6509 | C36: 20240701 | D36: 20991231 | E36: 0001 | F36: 내부무료 | G36: 오형동 | I36: 승용 | K36: 현대정밀 | L36: FALSE | M36: FALSE | N36: 없음 | S36: 직원 | T36: 3 | U36: 출퇴근 | X36: 11 | Y36: =X36*2 -> 22 | Z36: 왕복 | AA36: SM3 | AB36: 승용차 | AC36: 소형 | AD36: 가솔린 | AE36: =IF(AB36="승용차", INDEX('연료 자료'!$C$6:$F$11, MATCH(AD36,'연료 자료'!$B$6:$B$11, 0), MATCH(AC36,'연료 자료'!$C$5:$F$5, 0)), INDEX('연료 자료'!$G$6:$I$11, MATCH(AD36,'연료 자료'!$B$6:$B$11, 0), MATCH(AC36,'연료 자료'!$G$5:$I$5, 0))) -> 12 | AF36: =VLOOKUP(AD36, 메모!$J$10:$L$19, 3, FALSE) -> 2.271 | AG36: =IF(Z36="왕복", Y36/AE36*AF36, X36/AE36*AF36) -> 4.1635
A37: 39 | B37: 경남33고2725 | C37: 20240701 | D37: 20991231 | E37: 0001 | F37: 내부무료 | G37: 구성계 | I37: 승용 | K37: 현대정밀 | L37: FALSE | M37: FALSE | N37: 없음 | S37: 직원 | T37: 3 | U37: 출퇴근 | X37: 11 | Y37: =X37*2 -> 22 | Z37: 왕복 | AA37: 그렌져 | AB37: 승용차 | AC37: 대형 | AD37: 가솔린 | AE37: =IF(AB37="승용차", INDEX('연료 자료'!$C$6:$F$11, MATCH(AD37,'연료 자료'!$B$6:$B$11, 0), MATCH(AC37,'연료 자료'!$C$5:$F$5, 0)), INDEX('연료 자료'!$G$6:$I$11, MATCH(AD37,'연료 자료'!$B$6:$B$11, 0), MATCH(AC37,'연료 자료'!$G$5:$I$5, 0))) -> 7 | AF37: =VLOOKUP(AD37, 메모!$J$10:$L$19, 3, FALSE) -> 2.271 | AG37: =IF(Z37="왕복", Y37/AE37*AF37, X37/AE37*AF37) -> 7.1374286
A38: 184 | B38: 146너2950 | C38: 20241101 | D38: 20991231 | E38: 0001 | F38: 내부무료 | G38: 최시애2 | K38: 현대정밀 | L38: FALSE | M38: FALSE | N38: 없음 | S38: 직원 | T38: 3 | U38: 출퇴근 | X38: 9.3 | Y38: =X38*2 -> 18.6 | AA38: 소나타 | AB38: 승용차 | AC38: 중형 | AD38: 가솔린 | AE38: =IF(AB38="승용차", INDEX('연료 자료'!$C$6:$F$11, MATCH(AD38,'연료 자료'!$B$6:$B$11, 0), MATCH(AC38,'연료 자료'!$C$5:$F$5, 0)), INDEX('연료 자료'!$G$6:$I$11, MATCH(AD38,'연료 자료'!$B$6:$B$11, 0), MATCH(AC38,'연료 자료'!$G$5:$I$5, 0))) -> 10 | AF38: =VLOOKUP(AD38, 메모!$J$10:$L$19, 3, FALSE) -> 2.271 | AG38: =IF(Z38="왕복", Y38/AE38*AF38, X38/AE38*AF38) -> 2.11203
A39: 158 | B39: 57로3919 | C39: 20240901 | D39: 20991231 | E39: 0001 | F39: 내부무료 | G39: 오상준 | K39: 현대정밀 | L39: FALSE | M39: FALSE | N39: 없음 | S39: 직원 | T39: 3 | U39: 출퇴근 | X39: 13 | Y39: =X39*2 -> 26 | AA39: K3 | AB39: 승용차 | AC39: 소형 | AD39: 가솔린 | AE39: =IF(AB39="승용차", INDEX('연료 자료'!$C$6:$F$11, MATCH(AD39,'연료 자료'!$B$6:$B$11, 0), MATCH(AC39,'연료 자료'!$C$5:$F$5, 0)), INDEX('연료 자료'!$G$6:$I$11, MATCH(AD39,'연료 자료'!$B$6:$B$11, 0), MATCH(AC39,'연료 자료'!$G$5:$I$5, 0))) -> 12 | AF39: =VLOOKUP(AD39, 메모!$J$10:$L$19, 3, FALSE) -> 2.271 | AG39: =IF(Z39="왕복", Y39/AE39*AF39, X39/AE39*AF39) -> 2.46025
A40: 159 | B40: 254소5194 | C40: 20240901 | D40: 20991231 | E40: 0001 | F40: 내부무료 | G40: 강원근 | K40: 현대정밀 | L40: FALSE | M40: FALSE | N40: 없음 | S40: 직원 | T40: 3 | U40: 출퇴근 | X40: 3.5 | Y40: =X40*2 -> 7 | AA40: 셀토스 | AB40: 승용차 | AC40: 소형 | AD40: 가솔린 | AE40: =IF(AB40="승용차", INDEX('연료 자료'!$C$6:$F$11, MATCH(AD40,'연료 자료'!$B$6:$B$11, 0), MATCH(AC40,'연료 자료'!$C$5:$F$5, 0)), INDEX('연료 자료'!$G$6:$I$11, MATCH(AD40,'연료 자료'!$B$6:$B$11, 0), MATCH(AC40,'연료 자료'!$G$5:$I$5, 0))) -> 12 | AF40: =VLOOKUP(AD40, 메모!$J$10:$L$19, 3, FALSE) -> 2.271 | AG40: =IF(Z40="왕복", Y40/AE40*AF40, X40/AE40*AF40) -> 0.662375
A41: 179 | B41: 143우3855 | C41: 20241101 | D41: 20991231 | E41: 0001 | F41: 내부무료 | G41: 이미영 부장님 | K41: 현대정밀 | L41: FALSE | M41: FALSE | N41: 없음 | S41: 직원 | T41: 3 | U41: 출퇴근 | X41: 8.6 | Y41: =X41*2 -> 17.2 | AA41: 소나타 | AB41: 승용차 | AC41: 중형 | AD41: 가솔린 | AE41: =IF(AB41="승용차", INDEX('연료 자료'!$C$6:$F$11, MATCH(AD41,'연료 자료'!$B$6:$B$11, 0), MATCH(AC41,'연료 자료'!$C$5:$F$5, 0)), INDEX('연료 자료'!$G$6:$I$11, MATCH(AD41,'연료 자료'!$B$6:$B$11, 0), MATCH(AC41,'연료 자료'!$G$5:$I$5, 0))) -> 10 | AF41: =VLOOKUP(AD41, 메모!$J$10:$L$19, 3, FALSE) -> 2.271 | AG41: =IF(Z41="왕복", Y41/AE41*AF41, X41/AE41*AF41) -> 1.95306
A42: 211 | B42: 97라0877 | C42: 20250301 | D42: 20991231 | E42: 0001 | F42: 내부무료 | G42: 서창렬 | I42: 트럭 | K42: 현대정밀 | L42: FALSE | M42: FALSE | N42: 없음 | S42: 직원 | T42: 3 | U42: 출퇴근 | X42: 6.8 | Y42: =X42*2 -> 13.6 | AA42: 봉고3 | AB42: 상용 트럭 | AC42: 1t 급 | AD42: 디젤 | AE42: =IF(AB42="승용차", INDEX('연료 자료'!$C$6:$F$11, MATCH(AD42,'연료 자료'!$B$6:$B$11, 0), MATCH(AC42,'연료 자료'!$C$5:$F$5, 0)), INDEX('연료 자료'!$G$6:$I$11, MATCH(AD42,'연료 자료'!$B$6:$B$11, 0), MATCH(AC42,'연료 자료'!$G$5:$I$5, 0))) -> 9 | AF42: =VLOOKUP(AD42, 메모!$J$10:$L$19, 3, FALSE) -> 2.614 | AG42: =IF(Z42="왕복", Y42/AE42*AF42, X42/AE42*AF42) -> 1.9750222
A43: 213 | B43: 63로2956 | C43: 20250301 | D43: 20991231 | E43: 0001 | F43: 내부무료 | G43: 강원근 5 | I43: 승용 | K43: 현대정밀 | L43: FALSE | M43: FALSE | N43: 없음 | S43: 직원 | T43: 3 | U43: 출퇴근 | X43: 3.5 | Y43: =X43*2 -> 7 | AA43: Golf 2.0 GTI | AB43: 승용차 | AC43: 중형 | AD43: 가솔린 | AE43: =IF(AB43="승용차", INDEX('연료 자료'!$C$6:$F$11, MATCH(AD43,'연료 자료'!$B$6:$B$11, 0), MATCH(AC43,'연료 자료'!$C$5:$F$5, 0)), INDEX('연료 자료'!$G$6:$I$11, MATCH(AD43,'연료 자료'!$B$6:$B$11, 0), MATCH(AC43,'연료 자료'!$G$5:$I$5, 0))) -> 10 | AF43: =VLOOKUP(AD43, 메모!$J$10:$L$19, 3, FALSE) -> 2.271 | AG43: =IF(Z43="왕복", Y43/AE43*AF43, X43/AE43*AF43) -> 0.79485
A44: 219 | B44: 14구2295 | C44: 20250501 | D44: 20991231 | E44: 0001 | F44: 내부무료 | G44: 정경태 3 | K44: 현대정밀 | L44: FALSE | M44: FALSE | N44: 없음 | S44: 직원 | T44: 3 | U44: 출퇴근 | X44: 3.8 | Y44: =X44*2 -> 7.6 | AA44: 모닝 | AB44: 승용차 | AC44: 경차 | AD44: 가솔린 | AE44: =IF(AB44="승용차", INDEX('연료 자료'!$C$6:$F$11, MATCH(AD44,'연료 자료'!$B$6:$B$11, 0), MATCH(AC44,'연료 자료'!$C$5:$F$5, 0)), INDEX('연료 자료'!$G$6:$I$11, MATCH(AD44,'연료 자료'!$B$6:$B$11, 0), MATCH(AC44,'연료 자료'!$G$5:$I$5, 0))) -> 14 | AF44: =VLOOKUP(AD44, 메모!$J$10:$L$19, 3, FALSE) -> 2.271 | AG44: =IF(Z44="왕복", Y44/AE44*AF44, X44/AE44*AF44) -> 0.61641429
A45: 221 | B45: 385구2983 | C45: 20250501 | D45: 20991231 | E45: 0001 | F45: 내부무료 | G45: 양현진 | K45: 현대정밀 | L45: FALSE | M45: FALSE | N45: 없음 | S45: 직원 | T45: 3 | U45: 출퇴근 | X45: 14 | Y45: =X45*2 -> 28 | AA45: 셀토스 | AB45: 승용차 | AC45: 대형 | AD45: 가솔린 | AE45: =IF(AB45="승용차", INDEX('연료 자료'!$C$6:$F$11, MATCH(AD45,'연료 자료'!$B$6:$B$11, 0), MATCH(AC45,'연료 자료'!$C$5:$F$5, 0)), INDEX('연료 자료'!$G$6:$I$11, MATCH(AD45,'연료 자료'!$B$6:$B$11, 0), MATCH(AC45,'연료 자료'!$G$5:$I$5, 0))) -> 7 | AF45: =VLOOKUP(AD45, 메모!$J$10:$L$19, 3, FALSE) -> 2.271 | AG45: =IF(Z45="왕복", Y45/AE45*AF45, X45/AE45*AF45) -> 4.542
A46: 223 | B46: 22저2119 | C46: 20250501 | D46: 20991231 | E46: 0001 | F46: 내부무료 | G46: 정경태 2 | K46: 현대정밀 | L46: FALSE | M46: FALSE | N46: 없음 | S46: 직원 | T46: 3 | U46: 출퇴근 | X46: 3.8 | Y46: =X46*2 -> 7.6 | AA46: 카니발 리무진 | AB46: 승용차 | AC46: 대형 | AD46: 가솔린 | AE46: =IF(AB46="승용차", INDEX('연료 자료'!$C$6:$F$11, MATCH(AD46,'연료 자료'!$B$6:$B$11, 0), MATCH(AC46,'연료 자료'!$C$5:$F$5, 0)), INDEX('연료 자료'!$G$6:$I$11, MATCH(AD46,'연료 자료'!$B$6:$B$11, 0), MATCH(AC46,'연료 자료'!$G$5:$I$5, 0))) -> 7 | AF46: =VLOOKUP(AD46, 메모!$J$10:$L$19, 3, FALSE) -> 2.271 | AG46: =IF(Z46="왕복", Y46/AE46*AF46, X46/AE46*AF46) -> 1.2328286
A47: 232 | B47: 36모1011 | C47: 20250801 | D47: 20991231 | E47: 0001 | F47: 내부무료 | G47: 김영훈 | I47: SUV | K47: 현대정밀 | L47: FALSE | M47: FALSE | N47: 없음 | S47: 직원 | T47: 3 | U47: 출퇴근 | X47: 8.5 | Y47: =X47*2 -> 17 | AA47: 쏘렌토 | AB47: 승용차 | AC47: 중형 | AD47: 디젤 | AE47: =IF(AB47="승용차", INDEX('연료 자료'!$C$6:$F$11, MATCH(AD47,'연료 자료'!$B$6:$B$11, 0), MATCH(AC47,'연료 자료'!$C$5:$F$5, 0)), INDEX('연료 자료'!$G$6:$I$11, MATCH(AD47,'연료 자료'!$B$6:$B$11, 0), MATCH(AC47,'연료 자료'!$G$5:$I$5, 0))) -> 13 | AF47: =VLOOKUP(AD47, 메모!$J$10:$L$19, 3, FALSE) -> 2.614 | AG47: =IF(Z47="왕복", Y47/AE47*AF47, X47/AE47*AF47) -> 1.7091538
A48: 241 | B48: 18소5459 | C48: 20250801 | D48: 20991231 | E48: 0001 | F48: 내부무료 | G48: 김주익 | K48: 현대정밀 | L48: FALSE | M48: FALSE | N48: 없음 | S48: 직원 | T48: 3 | U48: 출퇴근 | X48: 3 | Y48: =X48*2 -> 6 | AA48: 투싼 | AB48: 승용차 | AC48: 중형 | AD48: 디젤 | AE48: =IF(AB48="승용차", INDEX('연료 자료'!$C$6:$F$11, MATCH(AD48,'연료 자료'!$B$6:$B$11, 0), MATCH(AC48,'연료 자료'!$C$5:$F$5, 0)), INDEX('연료 자료'!$G$6:$I$11, MATCH(AD48,'연료 자료'!$B$6:$B$11, 0), MATCH(AC48,'연료 자료'!$G$5:$I$5, 0))) -> 13 | AF48: =VLOOKUP(AD48, 메모!$J$10:$L$19, 3, FALSE) -> 2.614 | AG48: =IF(Z48="왕복", Y48/AE48*AF48, X48/AE48*AF48) -> 0.60323077
A49: 258 | B49: 53다7288 | E49: 0001 | G49: 김치욱 | K49: 현대정밀 | S49: 직원 | T49: 3 | U49: 출퇴근 | X49: 15 | Y49: =X49*2 -> 30 | AA49: CHEVROLET IMPALA 2.5 | AB49: 승용차 | AC49: 중형 | AD49: 가솔린 | AE49: =IF(AB49="승용차", INDEX('연료 자료'!$C$6:$F$11, MATCH(AD49,'연료 자료'!$B$6:$B$11, 0), MATCH(AC49,'연료 자료'!$C$5:$F$5, 0)), INDEX('연료 자료'!$G$6:$I$11, MATCH(AD49,'연료 자료'!$B$6:$B$11, 0), MATCH(AC49,'연료 자료'!$G$5:$I$5, 0))) -> 10 | AF49: =VLOOKUP(AD49, 메모!$J$10:$L$19, 3, FALSE) -> 2.271 | AG49: =IF(Z49="왕복", Y49/AE49*AF49, X49/AE49*AF49) -> 3.4065
A50: 40 | B50: 804가1951 | C50: 20240701 | D50: 20991231 | E50: 0001 | F50: 내부무료 | G50: 태연정공 | K50: 태연정공 | L50: FALSE | M50: FALSE | N50: 없음 | O50: 가공 | P50: ROD | T50: 3 | U50: 납품 | V50: 창원시 월림로39번길 12-11 | X50: 8 | Y50: =X50*2 -> 16 | AA50: 봉고3 1.2톤 | AB50: 상용 트럭 | AC50: 1t 급 | AD50: 디젤 | AE50: =IF(AB50="승용차", INDEX('연료 자료'!$C$6:$F$11, MATCH(AD50,'연료 자료'!$B$6:$B$11, 0), MATCH(AC50,'연료 자료'!$C$5:$F$5, 0)), INDEX('연료 자료'!$G$6:$I$11, MATCH(AD50,'연료 자료'!$B$6:$B$11, 0), MATCH(AC50,'연료 자료'!$G$5:$I$5, 0))) -> 9 | AF50: =VLOOKUP(AD50, 메모!$J$10:$L$19, 3, FALSE) -> 2.614 | AG50: =IF(Z50="왕복", Y50/AE50*AF50, X50/AE50*AF50) -> 2.3235556
A51: 42 | B51: 812부3845 | C51: 20240701 | D51: 20991231 | E51: 0001 | F51: 내부무료 | G51: 한빛 AMT | I51: 트럭 | K51: 한빛 AMT | L51: FALSE | M51: FALSE | N51: 없음 | O51: 가공 | P51: Cover End | Q51: Head Rod | T51: 3 | U51: 납품 | V51: 경남 창원시 의창구 북면 단내로 765-13 | X51: 13 | Y51: =X51*2 -> 26 | AA51: 봉고3 1.2톤 | AB51: 상용 트럭 | AC51: 1t 급 | AD51: 디젤 | AE51: =IF(AB51="승용차", INDEX('연료 자료'!$C$6:$F$11, MATCH(AD51,'연료 자료'!$B$6:$B$11, 0), MATCH(AC51,'연료 자료'!$C$5:$F$5, 0)), INDEX('연료 자료'!$G$6:$I$11, MATCH(AD51,'연료 자료'!$B$6:$B$11, 0), MATCH(AC51,'연료 자료'!$G$5:$I$5, 0))) -> 9 | AF51: =VLOOKUP(AD51, 메모!$J$10:$L$19, 3, FALSE) -> 2.614 | AG51: =IF(Z51="왕복", Y51/AE51*AF51, X51/AE51*AF51) -> 3.7757778
A52: 62 | B52: 50오9153 | C52: 20240701 | D52: 20991231 | E52: 0001 | F52: 내부무료 | G52: 태연산업2 | K52: 태연산업2 | L52: FALSE | M52: FALSE | N52: 없음 | O52: 가공 | T52: 3 | U52: 납품 | V52: 경남 창원시 소계동 130-83 | X52: 2.2 | Y52: =X52*2 -> 4.4 | AA52: 오피러스 | AB52: 승용차 | AC52: 대형 | AD52: 가솔린 | AE52: =IF(AB52="승용차", INDEX('연료 자료'!$C$6:$F$11, MATCH(AD52,'연료 자료'!$B$6:$B$11, 0), MATCH(AC52,'연료 자료'!$C$5:$F$5, 0)), INDEX('연료 자료'!$G$6:$I$11, MATCH(AD52,'연료 자료'!$B$6:$B$11, 0), MATCH(AC52,'연료 자료'!$G$5:$I$5, 0))) -> 7 | AF52: =VLOOKUP(AD52, 메모!$J$10:$L$19, 3, FALSE) -> 2.271 | AG52: =IF(Z52="왕복", Y52/AE52*AF52, X52/AE52*AF52) -> 0.71374286
A53: 71 | B53: 97너7401 | C53: 20240701 | D53: 20991231 | E53: 0001 | F53: 내부무료 | G53: 대호정공 | K53: 대호정공 | L53: FALSE | M53: FALSE | N53: 없음 | O53: 가공 | P53: Bracket | T53: 3 | U53: 납품 | V53: 경남 창원시 성산구 공단로 21번길 46 | X53: 8.9 | Y53: =X53*2 -> 17.8 | AA53: 봉고3 1.2톤 | AB53: 상용 트럭 | AC53: 1t 급 | AD53: 디젤 | AE53: =IF(AB53="승용차", INDEX('연료 자료'!$C$6:$F$11, MATCH(AD53,'연료 자료'!$B$6:$B$11, 0), MATCH(AC53,'연료 자료'!$C$5:$F$5, 0)), INDEX('연료 자료'!$G$6:$I$11, MATCH(AD53,'연료 자료'!$B$6:$B$11, 0), MATCH(AC53,'연료 자료'!$G$5:$I$5, 0))) -> 9 | AF53: =VLOOKUP(AD53, 메모!$J$10:$L$19, 3, FALSE) -> 2.614 | AG53: =IF(Z53="왕복", Y53/AE53*AF53, X53/AE53*AF53) -> 2.5849556
A54: 77 | B54: 96소5513 | C54: 20240701 | D54: 20991231 | E54: 0001 | F54: 내부무료 | G54: 신화산업1 | K54: 신화산업1 | L54: FALSE | M54: FALSE | N54: 없음 | O54: 가공 | P54: Cover End | T54: 3 | U54: 납품 | V54: 진주시 정촌면 뿌리산단로50번길 95 | X54: 67 | Y54: =X54*2 -> 134 | AA54: 한국쓰리축8.5톤트럭 | AB54: 상용 트럭 | AC54: 8t 이상 | AD54: 디젤 | AE54: =IF(AB54="승용차", INDEX('연료 자료'!$C$6:$F$11, MATCH(AD54,'연료 자료'!$B$6:$B$11, 0), MATCH(AC54,'연료 자료'!$C$5:$F$5, 0)), INDEX('연료 자료'!$G$6:$I$11, MATCH(AD54,'연료 자료'!$B$6:$B$11, 0), MATCH(AC54,'연료 자료'!$G$5:$I$5, 0))) -> 3 | AF54: =VLOOKUP(AD54, 메모!$J$10:$L$19, 3, FALSE) -> 2.614 | AG54: =IF(Z54="왕복", Y54/AE54*AF54, X54/AE54*AF54) -> 58.379333
A55: 78 | B55: 86우5785 | C55: 20240701 | D55: 20991231 | E55: 0001 | F55: 내부무료 | G55: 신화산업2 | K55: 신화산업2 | L55: FALSE | M55: FALSE | N55: 없음 | O55: 가공 | P55: Cover End | T55: 3 | U55: 납품 | V55: 진주시 정촌면 뿌리산단로50번길 95 | X55: 67 | Y55: =X55*2 -> 134 | AA55: 포터2 일렉트릭 (전기차) | AB55: 상용 트럭 | AC55: 1t 급 | AD55: 전기 | AE55: =IF(AB55="승용차", INDEX('연료 자료'!$C$6:$F$11, MATCH(AD55,'연료 자료'!$B$6:$B$11, 0), MATCH(AC55,'연료 자료'!$C$5:$F$5, 0)), INDEX('연료 자료'!$G$6:$I$11, MATCH(AD55,'연료 자료'!$B$6:$B$11, 0), MATCH(AC55,'연료 자료'!$G$5:$I$5, 0))) -> 5 | AF55: =VLOOKUP(AD55, 메모!$J$10:$L$19, 3, FALSE) -> 0.425 | AG55: =IF(Z55="왕복", Y55/AE55*AF55, X55/AE55*AF55) -> 5.695
A56: 80 | B56: 804나8389 | C56: 20240701 | D56: 20991231 | E56: 0001 | F56: 내부무료 | G56: 유건정밀 | K56: 유건정밀 | L56: FALSE | M56: FALSE | N56: 없음 | O56: 가공 | P56: Nut | T56: 3 | U56: 납품 | V56: 경남 창원시 성산구 성산동 77-1 SK테크노파크 메카동 102호 | X56: 8.6 | Y56: =X56*2 -> 17.2 | AA56: 봉고3 | AB56: 상용 트럭 | AC56: 1t 급 | AD56: 디젤 | AE56: =IF(AB56="승용차", INDEX('연료 자료'!$C$6:$F$11, MATCH(AD56,'연료 자료'!$B$6:$B$11, 0), MATCH(AC56,'연료 자료'!$C$5:$F$5, 0)), INDEX('연료 자료'!$G$6:$I$11, MATCH(AD56,'연료 자료'!$B$6:$B$11, 0), MATCH(AC56,'연료 자료'!$G$5:$I$5, 0))) -> 9 | AF56: =VLOOKUP(AD56, 메모!$J$10:$L$19, 3, FALSE) -> 2.614 | AG56: =IF(Z56="왕복", Y56/AE56*AF56, X56/AE56*AF56) -> 2.4978222
A57: 87 | B57: 90로7567 | C57: 20240701 | D57: 20991231 | E57: 0001 | F57: 내부무료 | G57: 신화테크 | K57: 신화테크 | L57: FALSE | M57: FALSE | N57: 없음 | O57: 가공 | T57: 3 | U57: 납품 | AA57: 포터2 | AB57: 상용 트럭 | AC57: 1t 급 | AD57: 디젤 | AE57: =IF(AB57="승용차", INDEX('연료 자료'!$C$6:$F$11, MATCH(AD57,'연료 자료'!$B$6:$B$11, 0), MATCH(AC57,'연료 자료'!$C$5:$F$5, 0)), INDEX('연료 자료'!$G$6:$I$11, MATCH(AD57,'연료 자료'!$B$6:$B$11, 0), MATCH(AC57,'연료 자료'!$G$5:$I$5, 0))) -> 9 | AF57: =VLOOKUP(AD57, 메모!$J$10:$L$19, 3, FALSE) -> 2.614 | AG57: =IF(Z57="왕복", Y57/AE57*AF57, X57/AE57*AF57) -> 0
A58: 88 | B58: 83노6163 | C58: 20240701 | D58: 20991231 | E58: 0001 | F58: 내부무료 | G58: 신일(사천)1 | K58: 신일(사천)1 | L58: FALSE | M58: FALSE | N58: 없음 | O58: 가공 | P58: Cover End | T58: 3 | U58: 납품 | V58: 경남 사천시 사천읍 두량공단로41 | X58: 68 | Y58: =X58*2 -> 136 | AA58: 한국상용7.5톤트럭 | AB58: 상용 트럭 | AC58: 8t 이상 | AD58: 디젤 | AE58: =IF(AB58="승용차", INDEX('연료 자료'!$C$6:$F$11, MATCH(AD58,'연료 자료'!$B$6:$B$11, 0), MATCH(AC58,'연료 자료'!$C$5:$F$5, 0)), INDEX('연료 자료'!$G$6:$I$11, MATCH(AD58,'연료 자료'!$B$6:$B$11, 0), MATCH(AC58,'연료 자료'!$G$5:$I$5, 0))) -> 3 | AF58: =VLOOKUP(AD58, 메모!$J$10:$L$19, 3, FALSE) -> 2.614 | AG58: =IF(Z58="왕복", Y58/AE58*AF58, X58/AE58*AF58) -> 59.250667
A59: 89 | B59: 90더0250 | C59: 20240701 | D59: 20991231 | E59: 0001 | F59: 내부무료 | G59: 신일(사천)2 | K59: 신일(사천)2 | L59: FALSE | M59: FALSE | N59: 없음 | O59: 가공 | P59: Cover End | T59: 3 | U59: 납품 | V59: 경남 사천시 사천읍 두량공단로41 | X59: 68 | Y59: =X59*2 -> 136 | AA59: 포터2 | AB59: 상용 트럭 | AC59: 1t 급 | AD59: 디젤 | AE59: =IF(AB59="승용차", INDEX('연료 자료'!$C$6:$F$11, MATCH(AD59,'연료 자료'!$B$6:$B$11, 0), MATCH(AC59,'연료 자료'!$C$5:$F$5, 0)), INDEX('연료 자료'!$G$6:$I$11, MATCH(AD59,'연료 자료'!$B$6:$B$11, 0), MATCH(AC59,'연료 자료'!$G$5:$I$5, 0))) -> 9 | AF59: =VLOOKUP(AD59, 메모!$J$10:$L$19, 3, FALSE) -> 2.614 | AG59: =IF(Z59="왕복", Y59/AE59*AF59, X59/AE59*AF59) -> 19.750222
A60: 91 | B60: 90보3249 | C60: 20240701 | D60: 20991231 | E60: 0001 | F60: 내부무료 | G60: 삼육비철 | K60: 삼육비철 | L60: FALSE | M60: FALSE | N60: 없음 | O60: 가공 | P60: Bush | T60: 3 | U60: 납품 | V60: 경남 사천시 축동면 가산리 244-2 | X60: 71 | Y60: =X60*2 -> 142 | AA60: 포터2 | AB60: 상용 트럭 | AC60: 1t 급 | AD60: 디젤 | AE60: =IF(AB60="승용차", INDEX('연료 자료'!$C$6:$F$11, MATCH(AD60,'연료 자료'!$B$6:$B$11, 0), MATCH(AC60,'연료 자료'!$C$5:$F$5, 0)), INDEX('연료 자료'!$G$6:$I$11, MATCH(AD60,'연료 자료'!$B$6:$B$11, 0), MATCH(AC60,'연료 자료'!$G$5:$I$5, 0))) -> 9 | AF60: =VLOOKUP(AD60, 메모!$J$10:$L$19, 3, FALSE) -> 2.614 | AG60: =IF(Z60="왕복", Y60/AE60*AF60, X60/AE60*AF60) -> 20.621556
A61: 93 | B61: 57로3562 | C61: 20240701 | D61: 20991231 | E61: 0001 | F61: 내부무료 | G61: 부성기공2 | K61: 부성기공2 | L61: FALSE | M61: FALSE | N61: 없음 | O61: 가공 | P61: Yoke | T61: 3 | U61: 납품 | V61: 경남 창원시 마산회원구 봉암공단5길 42-25 | X61: 8.8 | Y61: =X61*2 -> 17.6 | AA61: 소나타 하이브리드 | AB61: 승용차 | AC61: 중형 | AD61: 하이브리드 | AE61: =IF(AB61="승용차", INDEX('연료 자료'!$C$6:$F$11, MATCH(AD61,'연료 자료'!$B$6:$B$11, 0), MATCH(AC61,'연료 자료'!$C$5:$F$5, 0)), INDEX('연료 자료'!$G$6:$I$11, MATCH(AD61,'연료 자료'!$B$6:$B$11, 0), MATCH(AC61,'연료 자료'!$G$5:$I$5, 0))) -> 15 | AF61: =VLOOKUP(AD61, 메모!$J$10:$L$19, 3, FALSE) -> 2.271 | AG61: =IF(Z61="왕복", Y61/AE61*AF61, X61/AE61*AF61) -> 1.33232
A62: 101 | B62: 89버0616 | C62: 20240701 | D62: 20991231 | E62: 0001 | F62: 내부무료 | G62: 우진기어1 | K62: 우진기어1 | L62: FALSE | M62: FALSE | N62: 없음 | O62: 가공 | P62: Shaft | T62: 3 | U62: 납품 | V62: 경남 김해시 진영읍 하계로 240번길 17-16 | X62: 17 | Y62: =X62*2 -> 34 | AA62: 봉고3 | AB62: 상용 트럭 | AC62: 1t 급 | AD62: 디젤 | AE62: =IF(AB62="승용차", INDEX('연료 자료'!$C$6:$F$11, MATCH(AD62,'연료 자료'!$B$6:$B$11, 0), MATCH(AC62,'연료 자료'!$C$5:$F$5, 0)), INDEX('연료 자료'!$G$6:$I$11, MATCH(AD62,'연료 자료'!$B$6:$B$11, 0), MATCH(AC62,'연료 자료'!$G$5:$I$5, 0))) -> 9 | AF62: =VLOOKUP(AD62, 메모!$J$10:$L$19, 3, FALSE) -> 2.614 | AG62: =IF(Z62="왕복", Y62/AE62*AF62, X62/AE62*AF62) -> 4.9375556
A63: 102 | B63: 88러6727 | C63: 20240701 | D63: 20991231 | E63: 0001 | F63: 내부무료 | G63: 우진기어2 | K63: 우진기어2 | L63: FALSE | M63: FALSE | N63: 없음 | O63: 가공 | P63: Shaft | T63: 3 | U63: 납품 | V63: 경남 김해시 진영읍 하계로 240번길 17-16 | X63: 17 | Y63: =X63*2 -> 34 | AA63: 마이티 | AB63: 상용 트럭 | AC63: 5t 급 | AD63: 디젤 | AE63: =IF(AB63="승용차", INDEX('연료 자료'!$C$6:$F$11, MATCH(AD63,'연료 자료'!$B$6:$B$11, 0), MATCH(AC63,'연료 자료'!$C$5:$F$5, 0)), INDEX('연료 자료'!$G$6:$I$11, MATCH(AD63,'연료 자료'!$B$6:$B$11, 0), MATCH(AC63,'연료 자료'!$G$5:$I$5, 0))) -> 5 | AF63: =VLOOKUP(AD63, 메모!$J$10:$L$19, 3, FALSE) -> 2.614 | AG63: =IF(Z63="왕복", Y63/AE63*AF63, X63/AE63*AF63) -> 8.8876
A64: 103 | B64: 812부3858 | C64: 20240701 | D64: 20991231 | E64: 0001 | F64: 내부무료 | G64: 창원건드릴1 | K64: 창원건드릴1 | L64: FALSE | M64: FALSE | N64: 없음 | O64: 가공 | T64: 3 | U64: 납품 | V64: 경남 창원시 마산 회원구 봉암공단5길 70 | X64: 9 | Y64: =X64*2 -> 18 | AA64: 봉고3 | AB64: 상용 트럭 | AC64: 1t 급 | AD64: 디젤 | AE64: =IF(AB64="승용차", INDEX('연료 자료'!$C$6:$F$11, MATCH(AD64,'연료 자료'!$B$6:$B$11, 0), MATCH(AC64,'연료 자료'!$C$5:$F$5, 0)), INDEX('연료 자료'!$G$6:$I$11, MATCH(AD64,'연료 자료'!$B$6:$B$11, 0), MATCH(AC64,'연료 자료'!$G$5:$I$5, 0))) -> 9 | AF64: =VLOOKUP(AD64, 메모!$J$10:$L$19, 3, FALSE) -> 2.614 | AG64: =IF(Z64="왕복", Y64/AE64*AF64, X64/AE64*AF64) -> 2.614
A65: 104 | B65: 85보5479 | C65: 20240701 | D65: 20991231 | E65: 0001 | F65: 내부무료 | G65: 창원건드릴2 | K65: 창원건드릴2 | L65: FALSE | M65: FALSE | N65: 없음 | O65: 가공 | T65: 3 | U65: 납품 | V65: 경남 창원시 마산 회원구 봉암공단5길 70 | X65: 9 | Y65: =X65*2 -> 18 | AA65: 봉고3 | AB65: 상용 트럭 | AC65: 1t 급 | AD65: 디젤 | AE65: =IF(AB65="승용차", INDEX('연료 자료'!$C$6:$F$11, MATCH(AD65,'연료 자료'!$B$6:$B$11, 0), MATCH(AC65,'연료 자료'!$C$5:$F$5, 0)), INDEX('연료 자료'!$G$6:$I$11, MATCH(AD65,'연료 자료'!$B$6:$B$11, 0), MATCH(AC65,'연료 자료'!$G$5:$I$5, 0))) -> 9 | AF65: =VLOOKUP(AD65, 메모!$J$10:$L$19, 3, FALSE) -> 2.614 | AG65: =IF(Z65="왕복", Y65/AE65*AF65, X65/AE65*AF65) -> 2.614
A66: 105 | B66: 90서8803 | C66: 20240701 | D66: 20991231 | E66: 0001 | F66: 내부무료 | G66: 케이엠티티1 | K66: 케이엠티티1 | L66: FALSE | M66: FALSE | N66: 없음 | O66: 가공 | P66: Shaft | T66: 3 | U66: 납품 | V66: 경남 창원시 의창구 평산로8번길 48 (팔용동) | X66: 1.9 | Y66: =X66*2 -> 3.8 | AA66: 포터2 (전기차) | AB66: 상용 트럭 | AC66: 1t 급 | AD66: 전기 | AE66: =IF(AB66="승용차", INDEX('연료 자료'!$C$6:$F$11, MATCH(AD66,'연료 자료'!$B$6:$B$11, 0), MATCH(AC66,'연료 자료'!$C$5:$F$5, 0)), INDEX('연료 자료'!$G$6:$I$11, MATCH(AD66,'연료 자료'!$B$6:$B$11, 0), MATCH(AC66,'연료 자료'!$G$5:$I$5, 0))) -> 5 | AF66: =VLOOKUP(AD66, 메모!$J$10:$L$19, 3, FALSE) -> 0.425 | AG66: =IF(Z66="왕복", Y66/AE66*AF66, X66/AE66*AF66) -> 0.1615
A67: 106 | B67: 88노6172 | C67: 20240701 | D67: 20991231 | E67: 0001 | F67: 내부무료 | G67: 케이엠티티2 | K67: 케이엠티티2 | L67: FALSE | M67: FALSE | N67: 없음 | O67: 가공 | P67: Shaft | T67: 3 | U67: 납품 | V67: 경남 창원시 의창구 평산로8번길 48 (팔용동) | X67: 1.9 | Y67: =X67*2 -> 3.8 | AA67: 봉고3 | AB67: 상용 트럭 | AC67: 1t 급 | AD67: 디젤 | AE67: =IF(AB67="승용차", INDEX('연료 자료'!$C$6:$F$11, MATCH(AD67,'연료 자료'!$B$6:$B$11, 0), MATCH(AC67,'연료 자료'!$C$5:$F$5, 0)), INDEX('연료 자료'!$G$6:$I$11, MATCH(AD67,'연료 자료'!$B$6:$B$11, 0), MATCH(AC67,'연료 자료'!$G$5:$I$5, 0))) -> 9 | AF67: =VLOOKUP(AD67, 메모!$J$10:$L$19, 3, FALSE) -> 2.614 | AG67: =IF(Z67="왕복", Y67/AE67*AF67, X67/AE67*AF67) -> 0.55184444
A68: 134 | B68: 82소8857 | C68: 20240801 | D68: 20991231 | E68: 0001 | F68: 내부무료 | G68: 태연산업2 | K68: 태연산업3 | L68: FALSE | M68: FALSE | N68: 없음 | O68: 가공 | T68: 3 | U68: 납품 | V68: 경남 창원시 소계동 130-83 | X68: 2.2 | Y68: =X68*2 -> 4.4 | AA68: 포터2 | AB68: 상용 트럭 | AC68: 1t 급 | AD68: 디젤 | AE68: =IF(AB68="승용차", INDEX('연료 자료'!$C$6:$F$11, MATCH(AD68,'연료 자료'!$B$6:$B$11, 0), MATCH(AC68,'연료 자료'!$C$5:$F$5, 0)), INDEX('연료 자료'!$G$6:$I$11, MATCH(AD68,'연료 자료'!$B$6:$B$11, 0), MATCH(AC68,'연료 자료'!$G$5:$I$5, 0))) -> 9 | AF68: =VLOOKUP(AD68, 메모!$J$10:$L$19, 3, FALSE) -> 2.614 | AG68: =IF(Z68="왕복", Y68/AE68*AF68, X68/AE68*AF68) -> 0.63897778
A69: 230 | B69: 86우6866 | C69: 20250720 | D69: 20991231 | E69: 0001 | F69: 내부무료 | G69: 부성기공1 | K69: 부성기공 | L69: FALSE | M69: FALSE | N69: 없음 | O69: 가공 | P69: Yoke | T69: 3 | U69: 납품 | V69: 경남 창원시 마산회원구 봉암공단5길 42-25 | X69: 8.8 | Y69: =X69*2 -> 17.6 | AA69: 포터2 (전기차) | AB69: 상용 트럭 | AC69: 1t 급 | AD69: 전기 | AE69: =IF(AB69="승용차", INDEX('연료 자료'!$C$6:$F$11, MATCH(AD69,'연료 자료'!$B$6:$B$11, 0), MATCH(AC69,'연료 자료'!$C$5:$F$5, 0)), INDEX('연료 자료'!$G$6:$I$11, MATCH(AD69,'연료 자료'!$B$6:$B$11, 0), MATCH(AC69,'연료 자료'!$G$5:$I$5, 0))) -> 5 | AF69: =VLOOKUP(AD69, 메모!$J$10:$L$19, 3, FALSE) -> 0.425 | AG69: =IF(Z69="왕복", Y69/AE69*AF69, X69/AE69*AF69) -> 0.748
A70: 164 | B70: 810소9654 | C70: 20240901 | D70: 20991231 | E70: 0001 | F70: 내부무료 | G70: 태연정공2 | K70: 태연정공2 | L70: FALSE | M70: FALSE | N70: 없음 | O70: 가공 | P70: ROD | T70: 3 | U70: 납품 | V70: 창원시 월림로39번길 12-11 | X70: 8 | Y70: =X70*2 -> 16 | AA70: 마이티 | AB70: 상용 트럭 | AC70: 5t 급 | AD70: 디젤 | AE70: =IF(AB70="승용차", INDEX('연료 자료'!$C$6:$F$11, MATCH(AD70,'연료 자료'!$B$6:$B$11, 0), MATCH(AC70,'연료 자료'!$C$5:$F$5, 0)), INDEX('연료 자료'!$G$6:$I$11, MATCH(AD70,'연료 자료'!$B$6:$B$11, 0), MATCH(AC70,'연료 자료'!$G$5:$I$5, 0))) -> 5 | AF70: =VLOOKUP(AD70, 메모!$J$10:$L$19, 3, FALSE) -> 2.614 | AG70: =IF(Z70="왕복", Y70/AE70*AF70, X70/AE70*AF70) -> 4.1824
A71: 45 | B71: 85가4123 | C71: 20240701 | D71: 20991231 | E71: 0001 | F71: 내부무료 | G71: 케이에스피 | K71: (주)케이에스피 | L71: FALSE | M71: FALSE | N71: 없음 | O71: 단조 | P71: Cover End | Q71: Head Rod | R71: Flange | T71: 3 | U71: 납품 | V71: 부산시 강서구 녹산산단 381로 86번길 43 | X71: 37 | Y71: =X71*2 -> 74 | AA71: 대우 11.5톤 장축카고트럭 | AB71: 상용 트럭 | AC71: 8t 이상 | AD71: 디젤 | AE71: =IF(AB71="승용차", INDEX('연료 자료'!$C$6:$F$11, MATCH(AD71,'연료 자료'!$B$6:$B$11, 0), MATCH(AC71,'연료 자료'!$C$5:$F$5, 0)), INDEX('연료 자료'!$G$6:$I$11, MATCH(AD71,'연료 자료'!$B$6:$B$11, 0), MATCH(AC71,'연료 자료'!$G$5:$I$5, 0))) -> 3 | AF71: =VLOOKUP(AD71, 메모!$J$10:$L$19, 3, FALSE) -> 2.614 | AG71: =IF(Z71="왕복", Y71/AE71*AF71, X71/AE71*AF71) -> 32.239333
A72: 46 | B72: 부산90아7675 | C72: 20240701 | D72: 20991231 | E72: 0001 | F72: 내부무료 | G72: 한일단조1 | K72: 한일단조1 | L72: FALSE | M72: FALSE | N72: 없음 | O72: 단조 | P72: Cylinder Body | Q72: Rod | T72: 3 | U72: 납품 | V72: 충북 진천군 덕산면 습지길 87 | X72: 275 | Y72: =X72*2 -> 550 | AA72: 한국쓰리축 7.5톤 트럭 | AB72: 상용 트럭 | AC72: 8t 이상 | AD72: 디젤 | AE72: =IF(AB72="승용차", INDEX('연료 자료'!$C$6:$F$11, MATCH(AD72,'연료 자료'!$B$6:$B$11, 0), MATCH(AC72,'연료 자료'!$C$5:$F$5, 0)), INDEX('연료 자료'!$G$6:$I$11, MATCH(AD72,'연료 자료'!$B$6:$B$11, 0), MATCH(AC72,'연료 자료'!$G$5:$I$5, 0))) -> 3 | AF72: =VLOOKUP(AD72, 메모!$J$10:$L$19, 3, FALSE) -> 2.614 | AG72: =IF(Z72="왕복", Y72/AE72*AF72, X72/AE72*AF72) -> 239.61667
A73: 47 | B73: 부산95아7469 | C73: 20240701 | D73: 20991231 | E73: 0001 | F73: 내부무료 | G73: 한일단조2 | K73: 한일단조2 | L73: FALSE | M73: FALSE | N73: 없음 | O73: 단조 | P73: Cylinder Body | Q73: Rod | T73: 3 | U73: 납품 | V73: 충북 진천군 덕산면 습지길 87 | X73: 275 | Y73: =X73*2 -> 550 | AA73: 포터2 | AB73: 상용 트럭 | AC73: 1t 급 | AD73: 디젤 | AE73: =IF(AB73="승용차", INDEX('연료 자료'!$C$6:$F$11, MATCH(AD73,'연료 자료'!$B$6:$B$11, 0), MATCH(AC73,'연료 자료'!$C$5:$F$5, 0)), INDEX('연료 자료'!$G$6:$I$11, MATCH(AD73,'연료 자료'!$B$6:$B$11, 0), MATCH(AC73,'연료 자료'!$G$5:$I$5, 0))) -> 9 | AF73: =VLOOKUP(AD73, 메모!$J$10:$L$19, 3, FALSE) -> 2.614 | AG73: =IF(Z73="왕복", Y73/AE73*AF73, X73/AE73*AF73) -> 79.872222
A74: 48 | B74: 경기86사9493 | C74: 20240701 | D74: 20991231 | E74: 0001 | F74: 내부무료 | G74: 한일단조3 | K74: 한일단조3 | L74: FALSE | M74: FALSE | N74: 없음 | O74: 단조 | P74: Cylinder Body | Q74: Rod | T74: 3 | U74: 납품 | V74: 충북 진천군 덕산면 습지길 87 | X74: 275 | Y74: =X74*2 -> 550 | AA74: 스카니아 카고트럭 | AB74: 상용 트럭 | AC74: 8t 이상 | AD74: 디젤 | AE74: =IF(AB74="승용차", INDEX('연료 자료'!$C$6:$F$11, MATCH(AD74,'연료 자료'!$B$6:$B$11, 0), MATCH(AC74,'연료 자료'!$C$5:$F$5, 0)), INDEX('연료 자료'!$G$6:$I$11, MATCH(AD74,'연료 자료'!$B$6:$B$11, 0), MATCH(AC74,'연료 자료'!$G$5:$I$5, 0))) -> 3 | AF74: =VLOOKUP(AD74, 메모!$J$10:$L$19, 3, FALSE) -> 2.614 | AG74: =IF(Z74="왕복", Y74/AE74*AF74, X74/AE74*AF74) -> 239.61667
A75: 50 | B75: 97너7704 | C75: 20240701 | D75: 20991231 | E75: 0001 | F75: 내부무료 | G75: 효림HF | K75: 효림HF | L75: FALSE | M75: FALSE | N75: 없음 | O75: 단조 | P75: Cylinder Body | Q75: Support | T75: 3 | U75: 납품 | V75: 경남 창원시 성산구 성산패총로 86 | X75: 9.3 | Y75: =X75*2 -> 18.6 | AA75: 대우5톤 초장축 카고트럭 | AB75: 상용 트럭 | AC75: 5t 급 | AD75: 디젤 | AE75: =IF(AB75="승용차", INDEX('연료 자료'!$C$6:$F$11, MATCH(AD75,'연료 자료'!$B$6:$B$11, 0), MATCH(AC75,'연료 자료'!$C$5:$F$5, 0)), INDEX('연료 자료'!$G$6:$I$11, MATCH(AD75,'연료 자료'!$B$6:$B$11, 0), MATCH(AC75,'연료 자료'!$G$5:$I$5, 0))) -> 5 | AF75: =VLOOKUP(AD75, 메모!$J$10:$L$19, 3, FALSE) -> 2.614 | AG75: =IF(Z75="왕복", Y75/AE75*AF75, X75/AE75*AF75) -> 4.86204
A76: 63 | B76: 89고8560 | C76: 20240701 | D76: 20991231 | E76: 0001 | F76: 내부무료 | G76: 현대기공1 | K76: 현대기공1 | L76: FALSE | M76: FALSE | N76: 없음 | O76: 단조 | P76: Bolt | T76: 3 | U76: 납품 | V76: 경남 창원시 마산합포구 산단2길 66 | X76: 29 | Y76: =X76*2 -> 58 | AA76: 포터2 | AB76: 상용 트럭 | AC76: 1t 급 | AD76: 디젤 | AE76: =IF(AB76="승용차", INDEX('연료 자료'!$C$6:$F$11, MATCH(AD76,'연료 자료'!$B$6:$B$11, 0), MATCH(AC76,'연료 자료'!$C$5:$F$5, 0)), INDEX('연료 자료'!$G$6:$I$11, MATCH(AD76,'연료 자료'!$B$6:$B$11, 0), MATCH(AC76,'연료 자료'!$G$5:$I$5, 0))) -> 9 | AF76: =VLOOKUP(AD76, 메모!$J$10:$L$19, 3, FALSE) -> 2.614 | AG76: =IF(Z76="왕복", Y76/AE76*AF76, X76/AE76*AF76) -> 8.4228889
A77: 64 | B77: 89고8561 | C77: 20240701 | D77: 20991231 | E77: 0001 | F77: 내부무료 | G77: 현대기공2 | K77: 현대기공2 | L77: FALSE | M77: FALSE | N77: 없음 | O77: 단조 | P77: Bolt | T77: 3 | U77: 납품 | V77: 경남 창원시 마산합포구 산단2길 66 | X77: 29 | Y77: =X77*2 -> 58 | AA77: 포터2 | AB77: 상용 트럭 | AC77: 1t 급 | AD77: 디젤 | AE77: =IF(AB77="승용차", INDEX('연료 자료'!$C$6:$F$11, MATCH(AD77,'연료 자료'!$B$6:$B$11, 0), MATCH(AC77,'연료 자료'!$C$5:$F$5, 0)), INDEX('연료 자료'!$G$6:$I$11, MATCH(AD77,'연료 자료'!$B$6:$B$11, 0), MATCH(AC77,'연료 자료'!$G$5:$I$5, 0))) -> 9 | AF77: =VLOOKUP(AD77, 메모!$J$10:$L$19, 3, FALSE) -> 2.614 | AG77: =IF(Z77="왕복", Y77/AE77*AF77, X77/AE77*AF77) -> 8.4228889
A78: 92 | B78: 96주3982 | C78: 20240701 | D78: 20991231 | E78: 0001 | F78: 내부무료 | G78: 대흥기계단조 | K78: 대흥기계단조 | L78: FALSE | M78: FALSE | N78: 없음 | O78: 단조 | P78: Shaft | Q78: Bracket | T78: 3 | U78: 납품 | V78: 인천광역시 서구 정서진9로14 (오류동) | X78: 395 | Y78: =X78*2 -> 790 | AA78: 국도9.5톤극플러스트럭 | AB78: 상용 트럭 | AC78: 8t 이상 | AD78: 디젤 | AE78: =IF(AB78="승용차", INDEX('연료 자료'!$C$6:$F$11, MATCH(AD78,'연료 자료'!$B$6:$B$11, 0), MATCH(AC78,'연료 자료'!$C$5:$F$5, 0)), INDEX('연료 자료'!$G$6:$I$11, MATCH(AD78,'연료 자료'!$B$6:$B$11, 0), MATCH(AC78,'연료 자료'!$G$5:$I$5, 0))) -> 3 | AF78: =VLOOKUP(AD78, 메모!$J$10:$L$19, 3, FALSE) -> 2.614 | AG78: =IF(Z78="왕복", Y78/AE78*AF78, X78/AE78*AF78) -> 344.17667
A79: 182 | B79: 경남80사5040 | C79: 20241101 | D79: 20991231 | E79: 0003 | F79: 외부유료 | G79: 대흥기계 | K79: 대흥기계단조 | L79: FALSE | M79: FALSE | N79: 없음 | O79: 단조 | P79: Shaft | Q79: Bracket | T79: 3 | U79: 납품 | V79: 인천광역시 서구 정서진9로14 (오류동) | X79: 395 | Y79: =X79*2 -> 790 | AA79: 한국쓰리축4.5톤트럭 | AB79: 상용 트럭 | AC79: 5t 급 | AD79: 디젤 | AE79: =IF(AB79="승용차", INDEX('연료 자료'!$C$6:$F$11, MATCH(AD79,'연료 자료'!$B$6:$B$11, 0), MATCH(AC79,'연료 자료'!$C$5:$F$5, 0)), INDEX('연료 자료'!$G$6:$I$11, MATCH(AD79,'연료 자료'!$B$6:$B$11, 0), MATCH(AC79,'연료 자료'!$G$5:$I$5, 0))) -> 5 | AF79: =VLOOKUP(AD79, 메모!$J$10:$L$19, 3, FALSE) -> 2.614 | AG79: =IF(Z79="왕복", Y79/AE79*AF79, X79/AE79*AF79) -> 206.506
A80: 188 | B80: 85우7167 | C80: 20241201 | D80: 20991231 | E80: 0001 | F80: 내부무료 | G80: 케이에스피 | K80: (주)케이에스피 | L80: FALSE | M80: FALSE | N80: 없음 | O80: 단조 | P80: Cover End | Q80: Head Rod | R80: Flange | T80: 3 | U80: 납품 | V80: 부산시 강서구 녹산산단 381로 86번길 43 | X80: 37 | Y80: =X80*2 -> 74 | AA80: 삼부18톤장축트럭 | AB80: 상용 트럭 | AC80: 8t 이상 | AD80: 디젤 | AE80: =IF(AB80="승용차", INDEX('연료 자료'!$C$6:$F$11, MATCH(AD80,'연료 자료'!$B$6:$B$11, 0), MATCH(AC80,'연료 자료'!$C$5:$F$5, 0)), INDEX('연료 자료'!$G$6:$I$11, MATCH(AD80,'연료 자료'!$B$6:$B$11, 0), MATCH(AC80,'연료 자료'!$G$5:$I$5, 0))) -> 3 | AF80: =VLOOKUP(AD80, 메모!$J$10:$L$19, 3, FALSE) -> 2.614 | AG80: =IF(Z80="왕복", Y80/AE80*AF80, X80/AE80*AF80) -> 32.239333
A81: 210 | B81: 경남83아3456 | C81: 20250301 | D81: 20991231 | E81: 0001 | F81: 내부무료 | G81: 한일단조 손직현 기사 | K81: 한일단조 | L81: FALSE | M81: FALSE | N81: 없음 | O81: 단조 | P81: Cylinder Body | Q81: Rod | T81: 3 | U81: 납품 | V81: 충북 진천군 덕산면 습지길 87 | X81: 275 | Y81: =X81*2 -> 550 | AA81: 한국특장기술7톤트럭 | AB81: 상용 트럭 | AC81: 8t 이상 | AD81: 디젤 | AE81: =IF(AB81="승용차", INDEX('연료 자료'!$C$6:$F$11, MATCH(AD81,'연료 자료'!$B$6:$B$11, 0), MATCH(AC81,'연료 자료'!$C$5:$F$5, 0)), INDEX('연료 자료'!$G$6:$I$11, MATCH(AD81,'연료 자료'!$B$6:$B$11, 0), MATCH(AC81,'연료 자료'!$G$5:$I$5, 0))) -> 3 | AF81: =VLOOKUP(AD81, 메모!$J$10:$L$19, 3, FALSE) -> 2.614 | AG81: =IF(Z81="왕복", Y81/AE81*AF81, X81/AE81*AF81) -> 239.61667
A82: 178 | B82: 82누2033 | C82: 20241101 | D82: 20991231 | E82: 0001 | F82: 내부무료 | G82: 영진주물 | K82: 영진주물 | L82: FALSE | M82: FALSE | N82: 없음 | O82: 주조 | T82: 3 | V82: 경상북도 고령군 다산면 다산산단1길 8 | X82: 86 | Y82: =X82*2 -> 172 | AA82: 마이티 | AB82: 상용 트럭 | AC82: 5t 급 | AD82: 디젤 | AE82: =IF(AB82="승용차", INDEX('연료 자료'!$C$6:$F$11, MATCH(AD82,'연료 자료'!$B$6:$B$11, 0), MATCH(AC82,'연료 자료'!$C$5:$F$5, 0)), INDEX('연료 자료'!$G$6:$I$11, MATCH(AD82,'연료 자료'!$B$6:$B$11, 0), MATCH(AC82,'연료 자료'!$G$5:$I$5, 0))) -> 5 | AF82: =VLOOKUP(AD82, 메모!$J$10:$L$19, 3, FALSE) -> 2.614 | AG82: =IF(Z82="왕복", Y82/AE82*AF82, X82/AE82*AF82) -> 44.9608
A83: 68 | B83: 85나5869 | C83: 20240701 | D83: 20991231 | E83: 0001 | F83: 내부무료 | G83: 디와이메탈1 | K83: 디와이메탈1 | L83: FALSE | M83: FALSE | N83: 없음 | O83: 주물 | P83: Steer Axle | T83: 3 | U83: 납품 | V83: 경상북도 고령군 다산면 다산산단1길 60 | X83: 86 | Y83: =X83*2 -> 172 | AA83: 한쓰4.5톤극플러스트럭 | AB83: 상용 트럭 | AC83: 5t 급 | AD83: 디젤 | AE83: =IF(AB83="승용차", INDEX('연료 자료'!$C$6:$F$11, MATCH(AD83,'연료 자료'!$B$6:$B$11, 0), MATCH(AC83,'연료 자료'!$C$5:$F$5, 0)), INDEX('연료 자료'!$G$6:$I$11, MATCH(AD83,'연료 자료'!$B$6:$B$11, 0), MATCH(AC83,'연료 자료'!$G$5:$I$5, 0))) -> 5 | AF83: =VLOOKUP(AD83, 메모!$J$10:$L$19, 3, FALSE) -> 2.614 | AG83: =IF(Z83="왕복", Y83/AE83*AF83, X83/AE83*AF83) -> 44.9608
A84: 69 | B84: 827부3358 | C84: 20240701 | D84: 20991231 | E84: 0001 | F84: 내부무료 | G84: 디와이메탈2 | K84: 디와이메탈2 | L84: FALSE | M84: FALSE | N84: 없음 | O84: 주물 | P84: Steer Axle | T84: 3 | U84: 납품 | V84: 경상북도 고령군 다산면 다산산단1길 60 | X84: 86 | Y84: =X84*2 -> 172 | AA84: 마이티 | AB84: 상용 트럭 | AC84: 5t 급 | AD84: 디젤 | AE84: =IF(AB84="승용차", INDEX('연료 자료'!$C$6:$F$11, MATCH(AD84,'연료 자료'!$B$6:$B$11, 0), MATCH(AC84,'연료 자료'!$C$5:$F$5, 0)), INDEX('연료 자료'!$G$6:$I$11, MATCH(AD84,'연료 자료'!$B$6:$B$11, 0), MATCH(AC84,'연료 자료'!$G$5:$I$5, 0))) -> 5 | AF84: =VLOOKUP(AD84, 메모!$J$10:$L$19, 3, FALSE) -> 2.614 | AG84: =IF(Z84="왕복", Y84/AE84*AF84, X84/AE84*AF84) -> 44.9608
A85: 76 | B85: 82루4511 | C85: 20240701 | D85: 20991231 | E85: 0001 | F85: 내부무료 | G85: 서경금속 | K85: 서경금속 | L85: FALSE | M85: FALSE | N85: 없음 | O85: 주물 | P85: Shell | T85: 3 | U85: 납품 | V85: 경북 고령군 다산면 다산산단1길 17 | X85: 85 | Y85: =X85*2 -> 170 | AA85: 한국쓰리축7.5톤트럭 | AB85: 상용 트럭 | AC85: 8t 이상 | AD85: 디젤 | AE85: =IF(AB85="승용차", INDEX('연료 자료'!$C$6:$F$11, MATCH(AD85,'연료 자료'!$B$6:$B$11, 0), MATCH(AC85,'연료 자료'!$C$5:$F$5, 0)), INDEX('연료 자료'!$G$6:$I$11, MATCH(AD85,'연료 자료'!$B$6:$B$11, 0), MATCH(AC85,'연료 자료'!$G$5:$I$5, 0))) -> 3 | AF85: =VLOOKUP(AD85, 메모!$J$10:$L$19, 3, FALSE) -> 2.614 | AG85: =IF(Z85="왕복", Y85/AE85*AF85, X85/AE85*AF85) -> 74.063333
A86: 98 | B86: 83무7081 | C86: 20240701 | D86: 20991231 | E86: 0001 | F86: 내부무료 | G86: 동성캐스탑1 | K86: 동성캐스탑1 | L86: FALSE | M86: FALSE | N86: 없음 | O86: 주물 | T86: 3 | U86: 납품 | V86: 경북 고령군 다산면 다산산단1길 50 | X86: 85 | Y86: =X86*2 -> 170 | AA86: 포터2 | AB86: 상용 트럭 | AC86: 1t 급 | AD86: 디젤 | AE86: =IF(AB86="승용차", INDEX('연료 자료'!$C$6:$F$11, MATCH(AD86,'연료 자료'!$B$6:$B$11, 0), MATCH(AC86,'연료 자료'!$C$5:$F$5, 0)), INDEX('연료 자료'!$G$6:$I$11, MATCH(AD86,'연료 자료'!$B$6:$B$11, 0), MATCH(AC86,'연료 자료'!$G$5:$I$5, 0))) -> 9 | AF86: =VLOOKUP(AD86, 메모!$J$10:$L$19, 3, FALSE) -> 2.614 | AG86: =IF(Z86="왕복", Y86/AE86*AF86, X86/AE86*AF86) -> 24.687778
A87: 99 | B87: 대구80바8490 | C87: 20240701 | D87: 20991231 | E87: 0001 | F87: 내부무료 | G87: 동성캐스탑2 | K87: 동성캐스탑2 | L87: FALSE | M87: FALSE | N87: 없음 | O87: 주물 | T87: 3 | U87: 납품 | V87: 경북 고령군 다산면 다산산단1길 50 | X87: 85 | Y87: =X87*2 -> 170 | AA87: 마이티 | AB87: 상용 트럭 | AC87: 5t 급 | AD87: 디젤 | AE87: =IF(AB87="승용차", INDEX('연료 자료'!$C$6:$F$11, MATCH(AD87,'연료 자료'!$B$6:$B$11, 0), MATCH(AC87,'연료 자료'!$C$5:$F$5, 0)), INDEX('연료 자료'!$G$6:$I$11, MATCH(AD87,'연료 자료'!$B$6:$B$11, 0), MATCH(AC87,'연료 자료'!$G$5:$I$5, 0))) -> 5 | AF87: =VLOOKUP(AD87, 메모!$J$10:$L$19, 3, FALSE) -> 2.614 | AG87: =IF(Z87="왕복", Y87/AE87*AF87, X87/AE87*AF87) -> 44.438
A88: 160 | B88: 801두8256 | C88: 20240901 | D88: 20991231 | E88: 0001 | F88: 내부무료 | G88: 서경금속2 | K88: 서경금속 | L88: FALSE | M88: FALSE | N88: 없음 | O88: 주물 | P88: Shell | T88: 3 | U88: 납품 | V88: 경북 고령군 다산면 다산산단1길 50 | X88: 85 | Y88: =X88*2 -> 170 | AA88: 봉고3 | AB88: 상용 트럭 | AC88: 1t 급 | AD88: 디젤 | AE88: =IF(AB88="승용차", INDEX('연료 자료'!$C$6:$F$11, MATCH(AD88,'연료 자료'!$B$6:$B$11, 0), MATCH(AC88,'연료 자료'!$C$5:$F$5, 0)), INDEX('연료 자료'!$G$6:$I$11, MATCH(AD88,'연료 자료'!$B$6:$B$11, 0), MATCH(AC88,'연료 자료'!$G$5:$I$5, 0))) -> 9 | AF88: =VLOOKUP(AD88, 메모!$J$10:$L$19, 3, FALSE) -> 2.614 | AG88: =IF(Z88="왕복", Y88/AE88*AF88, X88/AE88*AF88) -> 24.687778
A89: 51 | B89: 경남82아1741 | C89: 20240701 | D89: 20991231 | E89: 0001 | F89: 내부무료 | G89: 유림철강1 | K89: 유림철강 | L89: FALSE | M89: FALSE | N89: 없음 | O89: 소재 | T89: 3 | U89: 납품 | V89: 경남 창원시 마산합포구 진북면 산단2길 46-45 | X89: 26 | Y89: =X89*2 -> 52 | AA89: 한국쓰리축5톤극카고트럭 | AB89: 상용 트럭 | AC89: 5t 급 | AD89: 디젤 | AE89: =IF(AB89="승용차", INDEX('연료 자료'!$C$6:$F$11, MATCH(AD89,'연료 자료'!$B$6:$B$11, 0), MATCH(AC89,'연료 자료'!$C$5:$F$5, 0)), INDEX('연료 자료'!$G$6:$I$11, MATCH(AD89,'연료 자료'!$B$6:$B$11, 0), MATCH(AC89,'연료 자료'!$G$5:$I$5, 0))) -> 5 | AF89: =VLOOKUP(AD89, 메모!$J$10:$L$19, 3, FALSE) -> 2.614 | AG89: =IF(Z89="왕복", Y89/AE89*AF89, X89/AE89*AF89) -> 13.5928
A90: 52 | B90: 806더7630 | C90: 20240701 | D90: 20991231 | E90: 0001 | F90: 내부무료 | G90: 유림철강2 | K90: 유림철강 | L90: FALSE | M90: FALSE | N90: 없음 | O90: 소재 | T90: 3 | U90: 납품 | V90: 경남 창원시 마산합포구 진북면 산단2길 46-45 | X90: 26 | Y90: =X90*2 -> 52 | AA90: 포터2 | AB90: 상용 트럭 | AC90: 1t 급 | AD90: 디젤 | AE90: =IF(AB90="승용차", INDEX('연료 자료'!$C$6:$F$11, MATCH(AD90,'연료 자료'!$B$6:$B$11, 0), MATCH(AC90,'연료 자료'!$C$5:$F$5, 0)), INDEX('연료 자료'!$G$6:$I$11, MATCH(AD90,'연료 자료'!$B$6:$B$11, 0), MATCH(AC90,'연료 자료'!$G$5:$I$5, 0))) -> 9 | AF90: =VLOOKUP(AD90, 메모!$J$10:$L$19, 3, FALSE) -> 2.614 | AG90: =IF(Z90="왕복", Y90/AE90*AF90, X90/AE90*AF90) -> 7.5515556
A91: 53 | B91: 80구9833 | C91: 20240701 | D91: 20991231 | E91: 0001 | F91: 내부무료 | G91: 유림철강3 | K91: 유림철강 | L91: FALSE | M91: FALSE | N91: 없음 | O91: 소재 | T91: 3 | U91: 납품 | V91: 경남 창원시 마산합포구 진북면 산단2길 46-45 | X91: 26 | Y91: =X91*2 -> 52 | AA91: 정보없음 | AB91: - | AC91: - | AD91: - | AE91: =IF(AB91="승용차", INDEX('연료 자료'!$C$6:$F$11, MATCH(AD91,'연료 자료'!$B$6:$B$11, 0), MATCH(AC91,'연료 자료'!$C$5:$F$5, 0)), INDEX('연료 자료'!$G$6:$I$11, MATCH(AD91,'연료 자료'!$B$6:$B$11, 0), MATCH(AC91,'연료 자료'!$G$5:$I$5, 0))) -> #N/A | AF91: =VLOOKUP(AD91, 메모!$J$10:$L$19, 3, FALSE) -> #N/A | AG91: =IF(Z91="왕복", Y91/AE91*AF91, X91/AE91*AF91) -> #N/A
A92: 54 | B92: 93아8311 | C92: 20240701 | D92: 20991231 | E92: 0001 | F92: 내부무료 | G92: 유림철강4 | K92: 유림철강 | L92: FALSE | M92: FALSE | N92: 없음 | O92: 소재 | T92: 3 | U92: 납품 | V92: 경남 창원시 마산합포구 진북면 산단2길 46-45 | X92: 26 | Y92: =X92*2 -> 52 | AA92: 정보없음 | AB92: - | AC92: - | AD92: - | AE92: =IF(AB92="승용차", INDEX('연료 자료'!$C$6:$F$11, MATCH(AD92,'연료 자료'!$B$6:$B$11, 0), MATCH(AC92,'연료 자료'!$C$5:$F$5, 0)), INDEX('연료 자료'!$G$6:$I$11, MATCH(AD92,'연료 자료'!$B$6:$B$11, 0), MATCH(AC92,'연료 자료'!$G$5:$I$5, 0))) -> #N/A | AF92: =VLOOKUP(AD92, 메모!$J$10:$L$19, 3, FALSE) -> #N/A | AG92: =IF(Z92="왕복", Y92/AE92*AF92, X92/AE92*AF92) -> #N/A
A93: 55 | B93: 94사5769 | C93: 20240701 | D93: 20991231 | E93: 0001 | F93: 내부무료 | G93: 유림철강5 | K93: 유림철강 | L93: FALSE | M93: FALSE | N93: 없음 | O93: 소재 | T93: 3 | U93: 납품 | V93: 경남 창원시 마산합포구 진북면 산단2길 46-45 | X93: 26 | Y93: =X93*2 -> 52 | AA93: 정보없음 | AB93: - | AC93: - | AD93: - | AE93: =IF(AB93="승용차", INDEX('연료 자료'!$C$6:$F$11, MATCH(AD93,'연료 자료'!$B$6:$B$11, 0), MATCH(AC93,'연료 자료'!$C$5:$F$5, 0)), INDEX('연료 자료'!$G$6:$I$11, MATCH(AD93,'연료 자료'!$B$6:$B$11, 0), MATCH(AC93,'연료 자료'!$G$5:$I$5, 0))) -> #N/A | AF93: =VLOOKUP(AD93, 메모!$J$10:$L$19, 3, FALSE) -> #N/A | AG93: =IF(Z93="왕복", Y93/AE93*AF93, X93/AE93*AF93) -> #N/A
A94: 73 | B94: 86조9884 | C94: 20240701 | D94: 20991231 | E94: 0001 | F94: 내부무료 | G94: 한울철강1 | K94: 한울철강 | L94: FALSE | M94: FALSE | N94: 없음 | O94: 소재 | T94: 3 | U94: 납품 | V94: 경남 창원시 의창구 평산로78번길 47(팔용동) | X94: 1.7 | Y94: =X94*2 -> 3.4 | AA94: 포터2 | AB94: 상용 트럭 | AC94: 1t 급 | AD94: 디젤 | AE94: =IF(AB94="승용차", INDEX('연료 자료'!$C$6:$F$11, MATCH(AD94,'연료 자료'!$B$6:$B$11, 0), MATCH(AC94,'연료 자료'!$C$5:$F$5, 0)), INDEX('연료 자료'!$G$6:$I$11, MATCH(AD94,'연료 자료'!$B$6:$B$11, 0), MATCH(AC94,'연료 자료'!$G$5:$I$5, 0))) -> 9 | AF94: =VLOOKUP(AD94, 메모!$J$10:$L$19, 3, FALSE) -> 2.614 | AG94: =IF(Z94="왕복", Y94/AE94*AF94, X94/AE94*AF94) -> 0.49375556
A95: 74 | B95: 805주7188 | C95: 20240701 | D95: 20991231 | E95: 0001 | F95: 내부무료 | G95: 한울철강2 | K95: 한울철강 | L95: FALSE | M95: FALSE | N95: 없음 | O95: 소재 | T95: 3 | U95: 납품 | V95: 경남 창원시 의창구 평산로78번길 47(팔용동) | X95: 1.7 | Y95: =X95*2 -> 3.4 | AA95: 마이티 | AB95: 상용 트럭 | AC95: 5t 급 | AD95: 디젤 | AE95: =IF(AB95="승용차", INDEX('연료 자료'!$C$6:$F$11, MATCH(AD95,'연료 자료'!$B$6:$B$11, 0), MATCH(AC95,'연료 자료'!$C$5:$F$5, 0)), INDEX('연료 자료'!$G$6:$I$11, MATCH(AD95,'연료 자료'!$B$6:$B$11, 0), MATCH(AC95,'연료 자료'!$G$5:$I$5, 0))) -> 5 | AF95: =VLOOKUP(AD95, 메모!$J$10:$L$19, 3, FALSE) -> 2.614 | AG95: =IF(Z95="왕복", Y95/AE95*AF95, X95/AE95*AF95) -> 0.88876
A96: 75 | B96: 80고5019 | C96: 20240701 | D96: 20991231 | E96: 0001 | F96: 내부무료 | G96: 한울철강3 | K96: 한울철강 | L96: FALSE | M96: FALSE | N96: 없음 | O96: 소재 | T96: 3 | U96: 납품 | V96: 경남 창원시 의창구 평산로78번길 47(팔용동) | X96: 1.7 | Y96: =X96*2 -> 3.4 | AA96: 한국쓰리축7.5톤트럭 | AB96: 상용 트럭 | AC96: 8t 이상 | AD96: 디젤 | AE96: =IF(AB96="승용차", INDEX('연료 자료'!$C$6:$F$11, MATCH(AD96,'연료 자료'!$B$6:$B$11, 0), MATCH(AC96,'연료 자료'!$C$5:$F$5, 0)), INDEX('연료 자료'!$G$6:$I$11, MATCH(AD96,'연료 자료'!$B$6:$B$11, 0), MATCH(AC96,'연료 자료'!$G$5:$I$5, 0))) -> 3 | AF96: =VLOOKUP(AD96, 메모!$J$10:$L$19, 3, FALSE) -> 2.614 | AG96: =IF(Z96="왕복", Y96/AE96*AF96, X96/AE96*AF96) -> 1.4812667
A97: 120 | B97: 83거1220 | C97: 20240701 | D97: 20991231 | E97: 0001 | F97: 내부무료 | G97: 한울철강5 | K97: 한울철강 | L97: FALSE | M97: FALSE | N97: 없음 | O97: 소재 | T97: 3 | U97: 납품 | V97: 경남 창원시 의창구 평산로78번길 47(팔용동) | X97: 1.7 | Y97: =X97*2 -> 3.4 | AA97: 봉고3 | AB97: 상용 트럭 | AC97: 1t 급 | AD97: 디젤 | AE97: =IF(AB97="승용차", INDEX('연료 자료'!$C$6:$F$11, MATCH(AD97,'연료 자료'!$B$6:$B$11, 0), MATCH(AC97,'연료 자료'!$C$5:$F$5, 0)), INDEX('연료 자료'!$G$6:$I$11, MATCH(AD97,'연료 자료'!$B$6:$B$11, 0), MATCH(AC97,'연료 자료'!$G$5:$I$5, 0))) -> 9 | AF97: =VLOOKUP(AD97, 메모!$J$10:$L$19, 3, FALSE) -> 2.614 | AG97: =IF(Z97="왕복", Y97/AE97*AF97, X97/AE97*AF97) -> 0.49375556
A98: 195 | B98: 87소8429 | C98: 20250101 | D98: 20991231 | E98: 0001 | F98: 내부무료 | G98: 성동산업 납품차 | K98: 성동산업 | L98: FALSE | M98: FALSE | N98: 없음 | O98: 조립 | T98: 3 | V98: 진주시 사봉면 사군로 303번길 19 | X98: 47 | Y98: =X98*2 -> 94 | AA98: 메가트럭 | AB98: 상용 트럭 | AC98: 5t 급 | AD98: 디젤 | AE98: =IF(AB98="승용차", INDEX('연료 자료'!$C$6:$F$11, MATCH(AD98,'연료 자료'!$B$6:$B$11, 0), MATCH(AC98,'연료 자료'!$C$5:$F$5, 0)), INDEX('연료 자료'!$G$6:$I$11, MATCH(AD98,'연료 자료'!$B$6:$B$11, 0), MATCH(AC98,'연료 자료'!$G$5:$I$5, 0))) -> 5 | AF98: =VLOOKUP(AD98, 메모!$J$10:$L$19, 3, FALSE) -> 2.614 | AG98: =IF(Z98="왕복", Y98/AE98*AF98, X98/AE98*AF98) -> 24.5716
A99: 72 | B99: 87우6605 | C99: 20240701 | D99: 20991231 | E99: 0001 | F99: 내부무료 | G99: 성동산업 | K99: 성동산업 | L99: FALSE | M99: FALSE | N99: 없음 | O99: 조립 | P99: Idler assy | T99: 3 | U99: 납품 | V99: 진주시 사봉면 사군로 303번길 19 | X99: 47 | Y99: =X99*2 -> 94 | AA99: 한국쓰리축8.5톤트럭 | AB99: 상용 트럭 | AC99: 8t 이상 | AD99: 디젤 | AE99: =IF(AB99="승용차", INDEX('연료 자료'!$C$6:$F$11, MATCH(AD99,'연료 자료'!$B$6:$B$11, 0), MATCH(AC99,'연료 자료'!$C$5:$F$5, 0)), INDEX('연료 자료'!$G$6:$I$11, MATCH(AD99,'연료 자료'!$B$6:$B$11, 0), MATCH(AC99,'연료 자료'!$G$5:$I$5, 0))) -> 3 | AF99: =VLOOKUP(AD99, 메모!$J$10:$L$19, 3, FALSE) -> 2.614 | AG99: =IF(Z99="왕복", Y99/AE99*AF99, X99/AE99*AF99) -> 40.952667
A100: 41 | B100: 95부8845 | C100: 20240701 | D100: 20991231 | E100: 0001 | F100: 내부무료 | G100: 윤화스너 | K100: 윤화스너 | L100: FALSE | M100: FALSE | N100: 없음 | O100: 조립 | P100: Grease Valve | T100: 3 | U100: 납품 | V100: 경남 창원시 성산구 신촌동 120-5 | X100: 7.3 | Y100: =X100*2 -> 14.6 | AA100: 봉고3 1.2톤 | AB100: 상용 트럭 | AC100: 1t 급 | AD100: 디젤 | AE100: =IF(AB100="승용차", INDEX('연료 자료'!$C$6:$F$11, MATCH(AD100,'연료 자료'!$B$6:$B$11, 0), MATCH(AC100,'연료 자료'!$C$5:$F$5, 0)), INDEX('연료 자료'!$G$6:$I$11, MATCH(AD100,'연료 자료'!$B$6:$B$11, 0), MATCH(AC100,'연료 자료'!$G$5:$I$5, 0))) -> 9 | AF100: =VLOOKUP(AD100, 메모!$J$10:$L$19, 3, FALSE) -> 2.614 | AG100: =IF(Z100="왕복", Y100/AE100*AF100, X100/AE100*AF100) -> 2.1202444
A101: 43 | B101: 84고1393 | C101: 20240701 | D101: 20991231 | E101: 0001 | F101: 내부무료 | G101: 에스제이테크 | K101: 에스제이테크 | L101: FALSE | M101: FALSE | N101: 없음 | O101: 구매 | P101: Dust Seal | T101: 3 | U101: 납품 | V101: 강원도 횡성군 우천면 우천산업단지로 60-54 | X101: 333 | Y101: =X101*2 -> 666 | AA101: 그랜드 스타렉스 | AB101: 승용차 | AC101: 대형 | AD101: 디젤 | AE101: =IF(AB101="승용차", INDEX('연료 자료'!$C$6:$F$11, MATCH(AD101,'연료 자료'!$B$6:$B$11, 0), MATCH(AC101,'연료 자료'!$C$5:$F$5, 0)), INDEX('연료 자료'!$G$6:$I$11, MATCH(AD101,'연료 자료'!$B$6:$B$11, 0), MATCH(AC101,'연료 자료'!$G$5:$I$5, 0))) -> 10 | AF101: =VLOOKUP(AD101, 메모!$J$10:$L$19, 3, FALSE) -> 2.614 | AG101: =IF(Z101="왕복", Y101/AE101*AF101, X101/AE101*AF101) -> 87.0462
A102: 49 | B102: 93누8990 | C102: 20240701 | D102: 20991231 | E102: 0001 | F102: 내부무료 | G102: 대명볼트 | K102: 대명볼트 | L102: FALSE | M102: FALSE | N102: 없음 | O102: 구매 | T102: 3 | U102: 납품 | V102: 경남 창원시 마산합포구 삼호로 13 | X102: 7.4 | Y102: =X102*2 -> 14.8 | AA102: 포터2 | AB102: 상용 트럭 | AC102: 1t 급 | AD102: 디젤 | AE102: =IF(AB102="승용차", INDEX('연료 자료'!$C$6:$F$11, MATCH(AD102,'연료 자료'!$B$6:$B$11, 0), MATCH(AC102,'연료 자료'!$C$5:$F$5, 0)), INDEX('연료 자료'!$G$6:$I$11, MATCH(AD102,'연료 자료'!$B$6:$B$11, 0), MATCH(AC102,'연료 자료'!$G$5:$I$5, 0))) -> 9 | AF102: =VLOOKUP(AD102, 메모!$J$10:$L$19, 3, FALSE) -> 2.614 | AG102: =IF(Z102="왕복", Y102/AE102*AF102, X102/AE102*AF102) -> 2.1492889
A103: 82 | B103: 92버3993 | C103: 20240701 | D103: 20991231 | E103: 0001 | F103: 내부무료 | G103: SFC페인트 | K103: SFC페인트 | L103: FALSE | M103: FALSE | N103: 없음 | O103: 구매 | T103: 3 | U103: 납품 | V103: 경남 창원시 의창구 창원대로 400 | X103: 3.7 | Y103: =X103*2 -> 7.4 | AA103: 포터2 | AB103: 상용 트럭 | AC103: 1t 급 | AD103: 디젤 | AE103: =IF(AB103="승용차", INDEX('연료 자료'!$C$6:$F$11, MATCH(AD103,'연료 자료'!$B$6:$B$11, 0), MATCH(AC103,'연료 자료'!$C$5:$F$5, 0)), INDEX('연료 자료'!$G$6:$I$11, MATCH(AD103,'연료 자료'!$B$6:$B$11, 0), MATCH(AC103,'연료 자료'!$G$5:$I$5, 0))) -> 9 | AF103: =VLOOKUP(AD103, 메모!$J$10:$L$19, 3, FALSE) -> 2.614 | AG103: =IF(Z103="왕복", Y103/AE103*AF103, X103/AE103*AF103) -> 1.0746444
A104: 86 | B104: 97버7441 | C104: 20240701 | D104: 20991231 | E104: 0001 | F104: 내부무료 | G104: 금우기공 | K104: 금우기공 | L104: FALSE | M104: FALSE | N104: 없음 | O104: 구매 | T104: 3 | U104: 납품 | V104: 경남 진주시 진성면 동부로 1574-27 | X104: 51 | Y104: =X104*2 -> 102 | AA104: 한국특장기술4.5톤트럭 | AB104: 상용 트럭 | AC104: 5t 급 | AD104: 디젤 | AE104: =IF(AB104="승용차", INDEX('연료 자료'!$C$6:$F$11, MATCH(AD104,'연료 자료'!$B$6:$B$11, 0), MATCH(AC104,'연료 자료'!$C$5:$F$5, 0)), INDEX('연료 자료'!$G$6:$I$11, MATCH(AD104,'연료 자료'!$B$6:$B$11, 0), MATCH(AC104,'연료 자료'!$G$5:$I$5, 0))) -> 5 | AF104: =VLOOKUP(AD104, 메모!$J$10:$L$19, 3, FALSE) -> 2.614 | AG104: =IF(Z104="왕복", Y104/AE104*AF104, X104/AE104*AF104) -> 26.6628
A105: 94 | B105: 부산91바3076 | C105: 20240701 | D105: 20991231 | E105: 0001 | F105: 내부무료 | G105: 유영 파이프 | K105: 유영 파이프 | L105: FALSE | M105: FALSE | N105: 없음 | O105: 구매 | T105: 3 | U105: 납품 | V105: 부산 사상구 강변대로 532번길 55(엄궁동) | X105: 53 | Y105: =X105*2 -> 106 | AA105: 한쓰7.5톤극플러스트럭 | AB105: 상용 트럭 | AC105: 8t 이상 | AD105: 디젤 | AE105: =IF(AB105="승용차", INDEX('연료 자료'!$C$6:$F$11, MATCH(AD105,'연료 자료'!$B$6:$B$11, 0), MATCH(AC105,'연료 자료'!$C$5:$F$5, 0)), INDEX('연료 자료'!$G$6:$I$11, MATCH(AD105,'연료 자료'!$B$6:$B$11, 0), MATCH(AC105,'연료 자료'!$G$5:$I$5, 0))) -> 3 | AF105: =VLOOKUP(AD105, 메모!$J$10:$L$19, 3, FALSE) -> 2.614 | AG105: =IF(Z105="왕복", Y105/AE105*AF105, X105/AE105*AF105) -> 46.180667
...

Sheet 연료 자료
H2: 승용차는 연비 중간 수준- 검토
B3: 차종, 연료 종류별 연비 정보
B4: 구분 | C4: 승용차 | G4: 상용 트럭
C5: 경차 | D5: 소형 | E5: 중형 | F5: 대형 | G5: 1t 급 | H5: 5t 급 | I5: 8t 이상
B6: 가솔린 | C6: 14 | D6: 12 | E6: 10 | F6: 7 | G6: - | H6: - | I6: -
B7: 디젤 | C7: 13 | D7: 13 | E7: 13 | F7: 10 | G7: 9 | H7: 5 | I7: 3
B8: 하이브리드 | C8: 15 | D8: 15 | E8: 15 | F8: 15 | G8: - | H8: - | I8: -
B9: LPG | C9: 7 | D9: 7 | E9: 7 | F9: 7 | G9: 5 | H9: - | I9: -
B10: 전기 | C10: 5 | D10: 5 | E10: 5 | F10: 5 | G10: 5 | H10: - | I10: -
B11: 수소 | C11: 100 | D11: 100 | E11: 100 | F11: 100 | G11: - | H11: - | I11: -
I12: ※ 각 연료량은 연료별로 상이 (아래내용 참조)
B15: 연료 계산 | C15: =IF(#REF!="승용차", INDEX(C6:F11, MATCH(#REF!, B6:B11, 0), MATCH(#REF!,C5:F5, 0)), INDEX(G6:I11, MATCH(#REF!, B6:B11, 0), MATCH(#REF!, G5:I5, 0))) -> #REF!
B19: 연료별 연비 정보
B21: 구분 | C21: 연비 정보 | H21: 비고
B22: 가솔린 | C22: ℓ (연료량) / km(거리)
B23: 디젤 | C23: ℓ (연료량) / km(거리)
B24: 하이브리드 | C24: ℓ (연료량) / km(거리)
B25: LPG | C25: ℓ (연료량) / km(거리)
B26: 전기 | C26: km(거리) / kWh (전력량)
B27: 수소 | C27: km(거리) / kg (수소량)
B29: 주요 연료별 탄소 배출 계수 (2024년 기준)
B31: 연료종류 | D31: 단위 | E31: CO₂ 배출계수 (kg CO₂ / 단위) | G31: 비고
B32: 가솔린 | D32: L당 | E32: 2.271 kg CO₂/L | G32: 자동차용 일반 휘발유
B33: 디젤 | D33: L당 | E33: 2.614 kg CO₂/L | G33: 디젤 차량, 상용차 등
B34: LPG | D34: L당 | E34: 1.600 kg CO₂/L | G34: 택시, 승용, 소형트럭 (액화 석유 가스)
B35: CNG | D35: Nm³당 | E35: 2.000 kg CO₂/Nm³ | G35: 버스, 청소차 등 공공차량 (압축 천연 가스)
B36: 수소 | D36: kg당 | E36: 0 kg CO₂/kg 사용단계 기준 | G36: 다만 생산단계에서 CO₂ 발생 가능
B37: 전기 | D37: kWh당 | E37: 0.425 kg CO₂/kWh | G37: 한국전력 2024년 평균 전력배출계수 기준
B38: 중유 (Bunker C 등) | D38: L당 | E38: 2.991 kg CO₂/L | G38: 산업·선박용, 대형엔진용
B39: 등유 (Kerosene) | D39: L당 | E39: 2.514 kg CO₂/L | G39: 난방용·항공기용
B40: 도시가스 (LNG) | D40: Nm³당 | E40: 2.003 kg CO₂/Nm³ | G40: 고정연소 기준 (천연가스 동일계수)

Sheet 탄소배출 공식

Sheet 메모
A2: 1 | B2: 차종
A3: 2 | B3: 차종별 연비
A4: 3
B8: 차종별 연비 | J8: 차량 주요 연료별 탄수 배출 계수 (환경부 2024년 기준)
C9: 차량 종류 | D9: 연료 | E9: 평균 연비 (km/L) | F9: 비고 | J9: 연료 종류 | K9: 단위 | L9: CO₂ 배출계수 (kg CO₂ / 단위) | M9: 비고
C10: 경차 (예: 모닝, 스파크) | D10: 휘발유 | E10: 14~17 | F10: 도심 주행에 유리 | J10: 가솔린 | K10: L당 | L10: 2.271 | M10: 자동차용 일반 휘발유
C11: 소형차 (예: 아반떼, K3) | D11: 휘발유 | E11: 12~16 | F11: 일반적인 세단 | J11: 디젤 | K11: L당 | L11: 2.614 | M11: 디젤 차량, 상용차 등
C12: 중형차 (예: 쏘나타, K5) | D12: 휘발유 | E12: 10~14 | F12: 배기량 1.6~2.0L 수준 | J12: LPG | K12: L당 | L12: 1.6 | M12: 택시, 승용, 소형트럭
C13: 대형차 (예: 그랜저, G80) | D13: 휘발유 | E13: 7~11 | F13: 무게와 배기량 영향 큼 | J13: CNG | K13: Nm³당 | L13: 2 | M13: 버스, 청소차 등 공공차량
C14: SUV (소형~중형) | D14: 휘발유/경유 | E14: 8~14 | F14: 4WD는 연비 더 낮음 | J14: 수소 | K14: kg당 | L14: 0 | M14: 다만 생산단계에서 CO₂ 발생 가능
C15: 디젤 승용차 | D15: 경유 | E15: 13~18 | F15: 고속도로 효율 우수 | J15: 전기 | K15: kWh당 | L15: 0.425 | M15: 한국전력 2024년 평균 전력배출계수 기준
C16: 스포츠카 / 고성능차 | D16: 휘발유 | E16: 6~10 | F16: 출력 중심 설계 | J16: 중유 (Bunker C 등) | K16: L당 | L16: 2.991 | M16: 산업·선박용, 대형엔진용
J17: 등유 (Kerosene) | K17: L당 | L17: 2.514 | M17: 난방용·항공기용
J18: 도시가스 (LNG) | K18: Nm³당 | L18: 2.003 | M18: 고정연소 기준 (천연가스 동일계수)
C19: 소형~중형 하이브리드 (예: 아반떼 HEV, K5 HEV) | D19: - | E19: 18~22 | F19: 도심 주행 효율 매우 높음 | J19: 하이브리드 | K19: L당 | L19: 2.271 | M19: 가솔린과 동일 (디젤이 있긴하나 극소수)
C20: SUV 하이브리드 (예: 투싼 HEV, 쏘렌토 HEV) | D20: - | E20: 14~18 | F20: 중량에 따라 차이 큼
C21: 대형 하이브리드 (예: 그랜저 HEV, G80 HEV) | D21: - | E21: 13~17 | F21: 전기 모터 도움으로 효율 개선
B23: 전기차 연료 전비
C24: 차량 종류 | D24: 평균 전비 (km/kWh) | E24: 1회 충전 주행거리 (km, 대략) | F24: 비고
C25: 소형 전기차 (예: 코나 EV, 니로 EV) | D25: 5.0~6.0 | E25: 350~450 | F25: 효율 우수
C26: 중형 전기차 (예: 아이오닉 6, 테슬라 모델 3) | D26: 5.0~6.5 | E26: 450~550 | F26: 공기역학적 효율 높음
C27: 대형 전기차 (예: 아이오닉 5, EV9, 모델 X) | D27: 4.0~5.0 | E27: 400~500 | F27: 무게 영향 큼
C28: 고성능 전기차 (예: 테슬라 퍼포먼스, 포르쉐 타이칸) | D28: 3.0~4.0 | E28: 300~400 | F28: 출력 중심 설계
B31: 연료별배출계수
C32: 연료 종류 | D32: 배출계수 (kgCO₂/ℓ) | E32: 출처
C33: 휘발유 (Gasoline) | D33: 2.271 | E33: 환경부 온실가스 배출계수 관리지침
C34: 경유 (Diesel) | D34: 2.641 | E34: 〃
C35: LPG (자동차용) | D35: 1.595 | E35: 〃
C36: CNG (압축천연가스) | D36: 2.175 (kgCO₂/Nm³) | E36: 〃
C37: 전기차 (Electric) | D37: 전력사용량 × 전력 배출계수(0.459 kgCO₂/kWh, ’23년 기준) | E37: KEPCO, 환경부
C39: 계산기준 | D39: 식 | E39: 비고
C40: 연료 사용량 기준 | D40: 배출량 = 연료사용량 × 배출계수 | E40: 가장 직접적
C41: 주행거리 기준 | D41: 배출량 = (주행거리 ÷ 연비) × 배출계수 | E41: 일반 차량 계산 시
C42: 전기차 | D42: 배출량 = 전력사용량 × 전력 배출계수 | E42: 간접배출(전력 생산단계)
